[sp-mode] LEGACY  cuda=1 l0_igpu=1 optane=0 sidecar=1 mobile=0
ggml_cuda_init: found 1 CUDA devices (Total VRAM: 12287 MiB):
  Device 0: NVIDIA GeForce RTX 2060, compute capability 7.5, VMM: yes, VRAM: 12287 MiB
[sp-engine] GPU 0: NVIDIA GeForce RTX 2060 — 10.95 / 12.00 GiB
[sp-engine] backend: CUDA0 (GPU)
[sp-engine] LlamaWeights::load: partial offload — layers [0,16) on GPU, [16,40) + non-layer on CPU. ForwardContext scheduler handles cross-backend copies.
[sp-engine:diag] load_backend_offload_: enter             VRAM free=10.95 GiB used=1.05 GiB / total=12.00 GiB
[sp-engine:diag] gguf named tensors: 733, sum(ggml_nbytes)=20175.71 MiB
[sp-engine:diag]   type=14 count=61 bytes=4802.93 MiB
[sp-engine:diag]   type=0 count=301 bytes=84.74 MiB
[sp-engine:diag]   type=12 count=371 bytes=15288.05 MiB
[sp-engine:diag] after mmap_ctx walk                      VRAM free=10.95 GiB used=1.05 GiB / total=12.00 GiB
[sp-engine:diag] before ggml_backend_alloc_ctx_tensors    VRAM free=10.95 GiB used=1.05 GiB / total=12.00 GiB
[sp-engine:diag] backend_buf_size=7803.56 MiB (what ggml allocated on backend)
[sp-engine:diag] after ggml_backend_alloc_ctx_tensors     VRAM free=3.33 GiB used=8.67 GiB / total=12.00 GiB
[sp-engine] LlamaWeights: offloaded 733 tensors (7803.56 MiB) to backend
[sp-engine:diag] after all tensor_set copies              VRAM free=3.33 GiB used=8.67 GiB / total=12.00 GiB
[sp-engine:diag] after mmap ctx + gguf free               VRAM free=3.33 GiB used=8.67 GiB / total=12.00 GiB
[sp-engine] mRoPE mode=8 sections=[11,11,10,0] n_rot=64
[sp-engine] ForwardContext: multi-backend scheduler active (GPU + CPU fallback)
[Shannon-Prime CUDA] Cache allocated:
  K: 0.08 MB (144 bytes/vec × 80 slots × 7 seq)
  V: 0.05 MB (98 bytes/vec × 80 slots × 7 seq)
  Total: 0.13 MB (vs fp16 baseline: 0.55 MB)
[sp-engine] KvCache::create_gpu: ship path, hd=256 n_layer=40 n_head_kv=2 max_seq=7 k_bytes=144 v_bytes=98
[sp-engine] shadow (GPU) cache: n_layer=40 n_head_kv=2 head_dim=256 pad_dim=256 max_seq=7 compression=4.23x [GPU-resident]
[sp-engine] PE: PrimePE-RoPE (composite-tiered, alpha=0.17)
[sp-engine:diag] bind_cache: is_gpu=1 n_layer=40 n_head_kv=2 head_dim=256 max_seq=7
[sp-mertens] Initialized for ctx=7: 0 high-risk positions flagged, O(1) risk cache active (0 KB)
[sp-engine] Cauchy system initialized: mode=2 fixed_n=512 ricci=no mertens=yes params_b=0.00
[sp-engine] forward_full: graph built — 2994 nodes, 0 leafs

## SPLIT #0: CPU # 0 inputs
node #  0 (  GET_ROWS):               node_0 (  16K) [  CPU         ] use=2,c=1:    token_embd.weight ( 272M) [  CPU         ]               leaf_2 (   0K) [  CPU         ]
node #  2 (  RMS_NORM):               node_2 (  16K) [  CPU         ] use=1,c=1:               node_0 (  16K) [  CPU         ]

## SPLIT #1: CUDA0 # 8 inputs: [node_2 (  16K)] [ (reshaped) (  96K)] [ (reshaped) (   2M)] [node_0 (  16K)] [ (reshaped) (  96K)] [ (reshaped) (   2M)] [ (reshaped) (  96K)] [ (reshaped) (   2M)] 
node #  3 (       MUL):               node_3 (  16K) [CUDA0         ] use=4,c=1:       CUDA0#node_2#0 (  16K) [ NULL         ] blk.0.attn_norm.weig (   8K) [CUDA0         ]
node #  4 (   MUL_MAT):               node_4 (  64K) [CUDA0         ] use=1,c=1: blk.0.attn_qkv.weigh (  13M) [CUDA0         ]               node_3 (  16K) [CUDA0         ]
node #  6 (      CONT):  (transposed) (cont) (  64K) [CUDA0         ] use=1,c=1:         (transposed) (  64K) [CUDA0         ]
node #  7 (    CONCAT):               node_7 ( 160K) [CUDA0         ] use=1,c=1:  CUDA0# (reshaped)#0 (  96K) [ NULL         ]  (transposed) (cont) (  64K) [CUDA0         ]
node #  9 (  SSM_CONV):               node_9 (  64K) [CUDA0         ] use=1,c=1:           (reshaped) ( 160K) [CUDA0         ] blk.0.ssm_conv1d.wei ( 128K) [CUDA0         ]
node # 10 (      SILU):              node_10 (  64K) [CUDA0         ] use=1,c=1:               node_9 (  64K) [CUDA0         ]
node # 13 (      CONT):  (reshaped) (view) ( (  16K) [CUDA0         ] use=1,c=1:    (reshaped) (view) (  40K) [CUDA0         ]
node # 15 (   L2_NORM):              node_15 (  16K) [CUDA0         ] use=1,c=1:  (reshaped) (view) ( (  16K) [CUDA0         ]
node # 16 (    REPEAT):              node_16 (  32K) [CUDA0         ] use=1,c=1:              node_15 (  16K) [CUDA0         ]
node # 17 (     SCALE):              node_17 (  32K) [CUDA0         ] use=1,c=1:              node_16 (  32K) [CUDA0         ]
node # 19 (      CONT):  (reshaped) (view) ( (  16K) [CUDA0         ] use=1,c=1:    (reshaped) (view) (  40K) [CUDA0         ]
node # 21 (   L2_NORM):              node_21 (  16K) [CUDA0         ] use=1,c=1:  (reshaped) (view) ( (  16K) [CUDA0         ]
node # 22 (    REPEAT):              node_22 (  32K) [CUDA0         ] use=1,c=1:              node_21 (  16K) [CUDA0         ]
node # 24 (      CONT):  (reshaped) (view) ( (  32K) [CUDA0         ] use=1,c=1:    (reshaped) (view) (  48K) [CUDA0         ]
node # 26 (   MUL_MAT):              node_26 (   0K) [CUDA0         ] use=1,c=1: blk.0.ssm_alpha.weig (  36K) [CUDA0         ]               node_3 (  16K) [CUDA0         ]
node # 27 (       ADD):              node_27 (   0K) [CUDA0         ] use=1,c=1:              node_26 (   0K) [CUDA0         ]    blk.0.ssm_dt.bias (   0K) [CUDA0         ]
node # 28 (  SOFTPLUS):              node_28 (   0K) [CUDA0         ] use=1,c=1:              node_27 (   0K) [CUDA0         ]
node # 29 (       MUL):              node_29 (   0K) [CUDA0         ] use=1,c=1:              node_28 (   0K) [CUDA0         ]          blk.0.ssm_a (   0K) [CUDA0         ]
node # 31 (   MUL_MAT):              node_31 (   0K) [CUDA0         ] use=1,c=1: blk.0.ssm_beta.weigh (  36K) [CUDA0         ]               node_3 (  16K) [CUDA0         ]
node # 32 (   SIGMOID):              node_32 (   0K) [CUDA0         ] use=1,c=1:              node_31 (   0K) [CUDA0         ]
node # 35 (GATED_DELT):              node_35 (   2M) [CUDA0         ] use=2,c=1:              node_17 (  32K) [CUDA0         ]              node_22 (  32K) [CUDA0         ]  (reshaped) (view) ( (  32K) [CUDA0         ]           (reshaped) (   0K) [CUDA0         ]           (reshaped) (   0K) [CUDA0         ]  CUDA0# (reshaped)#0 (   2M) [ NULL         ]
node # 37 (      CONT):        (view) (cont) (  32K) [CUDA0         ] use=1,c=1:               (view) (  32K) [CUDA0         ]
node # 39 (  RMS_NORM):              node_39 (  32K) [CUDA0         ] use=1,c=1:  (view) (cont) (resh (  32K) [CUDA0         ]
node # 40 (       MUL):              node_40 (  32K) [CUDA0         ] use=1,c=1:              node_39 (  32K) [CUDA0         ] blk.0.ssm_norm.weigh (   0K) [CUDA0         ]
node # 41 (   MUL_MAT):              node_41 (  32K) [CUDA0         ] use=1,c=1: blk.0.attn_gate.weig (   4M) [CUDA0         ]               node_3 (  16K) [CUDA0         ]
node # 43 (      SILU):              node_43 (  32K) [CUDA0         ] use=1,c=1:           (reshaped) (  32K) [CUDA0         ]
node # 44 (       MUL):              node_44 (  32K) [CUDA0         ] use=1,c=1:              node_40 (  32K) [CUDA0         ]              node_43 (  32K) [CUDA0         ]
node # 46 (   MUL_MAT):              node_46 (  16K) [CUDA0         ] use=1,c=1: blk.0.ssm_out.weight (   4M) [CUDA0         ]           (reshaped) (  32K) [CUDA0         ]
node # 47 (       ADD):              node_47 (  16K) [CUDA0         ] use=2,c=1:       CUDA0#node_0#0 (  16K) [ NULL         ]              node_46 (  16K) [CUDA0         ]
node # 48 (  RMS_NORM):              node_48 (  16K) [CUDA0         ] use=1,c=1:              node_47 (  16K) [CUDA0         ]
node # 49 (       MUL):              node_49 (  16K) [CUDA0         ] use=5,c=1:              node_48 (  16K) [CUDA0         ] blk.0.post_attention (   8K) [CUDA0         ]
node # 51 (   MUL_MAT):              node_51 (   2K) [CUDA0         ] use=1,c=1: blk.0.ffn_gate_inp.w (   2M) [CUDA0         ]              node_49 (  16K) [CUDA0         ]
node # 52 (  SOFT_MAX):              node_52 (   2K) [CUDA0         ] use=2,c=1:              node_51 (   2K) [CUDA0         ]
node # 53 (     TOP_K):              node_53 (   0K) [CUDA0         ] use=4,c=1:              node_52 (   2K) [CUDA0         ]
node # 54 (MUL_MAT_ID):              node_54 (  32K) [CUDA0         ] use=1,c=1: blk.0.ffn_gate_exps. ( 144M) [CUDA0         ]           (reshaped) (  16K) [CUDA0         ]              node_53 (   0K) [CUDA0         ]
node # 55 (      SILU):              node_55 (  32K) [CUDA0         ] use=1,c=1:              node_54 (  32K) [CUDA0         ]
node # 56 (MUL_MAT_ID):              node_56 (  32K) [CUDA0         ] use=1,c=1: blk.0.ffn_up_exps.we ( 144M) [CUDA0         ]           (reshaped) (  16K) [CUDA0         ]              node_53 (   0K) [CUDA0         ]
node # 57 (       MUL):              node_57 (  32K) [CUDA0         ] use=1,c=1:              node_55 (  32K) [CUDA0         ]              node_56 (  32K) [CUDA0         ]
node # 58 (MUL_MAT_ID):              node_58 ( 128K) [CUDA0         ] use=1,c=1: blk.0.ffn_down_exps. ( 210M) [CUDA0         ]              node_57 (  32K) [CUDA0         ]              node_53 (   0K) [CUDA0         ]
node # 60 (  GET_ROWS):              node_60 (   0K) [CUDA0         ] use=1,c=1:           (reshaped) (   2K) [CUDA0         ]              node_53 (   0K) [CUDA0         ]
node # 61 (       MUL):              node_61 ( 128K) [CUDA0         ] use=1,c=1:              node_58 ( 128K) [CUDA0         ]              node_60 (   0K) [CUDA0         ]
node # 63 (      CONT):    (permuted) (cont) ( 128K) [CUDA0         ] use=1,c=1:           (permuted) ( 128K) [CUDA0         ]
node # 64 (  SUM_ROWS):              node_64 (  16K) [CUDA0         ] use=1,c=1:    (permuted) (cont) ( 128K) [CUDA0         ]
node # 66 (   MUL_MAT):              node_66 (   4K) [CUDA0         ] use=1,c=1: blk.0.ffn_gate_shexp ( 576K) [CUDA0         ]              node_49 (  16K) [CUDA0         ]
node # 67 (      SILU):              node_67 (   4K) [CUDA0         ] use=1,c=1:              node_66 (   4K) [CUDA0         ]
node # 68 (   MUL_MAT):              node_68 (   4K) [CUDA0         ] use=1,c=1: blk.0.ffn_up_shexp.w ( 576K) [CUDA0         ]              node_49 (  16K) [CUDA0         ]
node # 69 (       MUL):              node_69 (   4K) [CUDA0         ] use=1,c=1:              node_67 (   4K) [CUDA0         ]              node_68 (   4K) [CUDA0         ]
node # 70 (   MUL_MAT):              node_70 (  16K) [CUDA0         ] use=1,c=1: blk.0.ffn_down_shexp ( 840K) [CUDA0         ]              node_69 (   4K) [CUDA0         ]
node # 71 (   MUL_MAT):              node_71 (   0K) [CUDA0         ] use=1,c=1: blk.0.ffn_gate_inp_s (   8K) [CUDA0         ]              node_49 (  16K) [CUDA0         ]
node # 72 (   SIGMOID):              node_72 (   0K) [CUDA0         ] use=1,c=1:              node_71 (   0K) [CUDA0         ]
node # 73 (       MUL):              node_73 (  16K) [CUDA0         ] use=1,c=1:              node_70 (  16K) [CUDA0         ]              node_72 (   0K) [CUDA0         ]
node # 74 (       ADD):              node_74 (  16K) [CUDA0         ] use=1,c=1:           (reshaped) (  16K) [CUDA0         ]              node_73 (  16K) [CUDA0         ]
node # 75 (       ADD):              node_75 (  16K) [CUDA0         ] use=2,c=1:              node_47 (  16K) [CUDA0         ]              node_74 (  16K) [CUDA0         ]
node # 77 (  RMS_NORM):              node_77 (  16K) [CUDA0         ] use=1,c=1:              node_75 (  16K) [CUDA0         ]
node # 78 (       MUL):              node_78 (  16K) [CUDA0         ] use=4,c=1:              node_77 (  16K) [CUDA0         ] blk.1.attn_norm.weig (   8K) [CUDA0         ]
node # 79 (   MUL_MAT):              node_79 (  64K) [CUDA0         ] use=1,c=1: blk.1.attn_qkv.weigh (  13M) [CUDA0         ]              node_78 (  16K) [CUDA0         ]
node # 81 (      CONT):  (transposed) (cont) (  64K) [CUDA0         ] use=1,c=1:         (transposed) (  64K) [CUDA0         ]
node # 82 (    CONCAT):              node_82 ( 160K) [CUDA0         ] use=1,c=1:  CUDA0# (reshaped)#0 (  96K) [ NULL         ]  (transposed) (cont) (  64K) [CUDA0         ]
node # 84 (  SSM_CONV):              node_84 (  64K) [CUDA0         ] use=1,c=1:           (reshaped) ( 160K) [CUDA0         ] blk.1.ssm_conv1d.wei ( 128K) [CUDA0         ]
node # 85 (      SILU):              node_85 (  64K) [CUDA0         ] use=1,c=1:              node_84 (  64K) [CUDA0         ]
node # 88 (      CONT):  (reshaped) (view) ( (  16K) [CUDA0         ] use=1,c=1:    (reshaped) (view) (  40K) [CUDA0         ]
node # 90 (   L2_NORM):              node_90 (  16K) [CUDA0         ] use=1,c=1:  (reshaped) (view) ( (  16K) [CUDA0         ]
node # 91 (    REPEAT):              node_91 (  32K) [CUDA0         ] use=1,c=1:              node_90 (  16K) [CUDA0         ]
node # 92 (     SCALE):              node_92 (  32K) [CUDA0         ] use=1,c=1:              node_91 (  32K) [CUDA0         ]
node # 94 (      CONT):  (reshaped) (view) ( (  16K) [CUDA0         ] use=1,c=1:    (reshaped) (view) (  40K) [CUDA0         ]
node # 96 (   L2_NORM):              node_96 (  16K) [CUDA0         ] use=1,c=1:  (reshaped) (view) ( (  16K) [CUDA0         ]
node # 97 (    REPEAT):              node_97 (  32K) [CUDA0         ] use=1,c=1:              node_96 (  16K) [CUDA0         ]
node # 99 (      CONT):  (reshaped) (view) ( (  32K) [CUDA0         ] use=1,c=1:    (reshaped) (view) (  48K) [CUDA0         ]
node #101 (   MUL_MAT):             node_101 (   0K) [CUDA0         ] use=1,c=1: blk.1.ssm_alpha.weig (  36K) [CUDA0         ]              node_78 (  16K) [CUDA0         ]
node #102 (       ADD):             node_102 (   0K) [CUDA0         ] use=1,c=1:             node_101 (   0K) [CUDA0         ]    blk.1.ssm_dt.bias (   0K) [CUDA0         ]
node #103 (  SOFTPLUS):             node_103 (   0K) [CUDA0         ] use=1,c=1:             node_102 (   0K) [CUDA0         ]
node #104 (       MUL):             node_104 (   0K) [CUDA0         ] use=1,c=1:             node_103 (   0K) [CUDA0         ]          blk.1.ssm_a (   0K) [CUDA0         ]
node #106 (   MUL_MAT):             node_106 (   0K) [CUDA0         ] use=1,c=1: blk.1.ssm_beta.weigh (  36K) [CUDA0         ]              node_78 (  16K) [CUDA0         ]
node #107 (   SIGMOID):             node_107 (   0K) [CUDA0         ] use=1,c=1:             node_106 (   0K) [CUDA0         ]
node #110 (GATED_DELT):             node_110 (   2M) [CUDA0         ] use=2,c=1:              node_92 (  32K) [CUDA0         ]              node_97 (  32K) [CUDA0         ]  (reshaped) (view) ( (  32K) [CUDA0         ]           (reshaped) (   0K) [CUDA0         ]           (reshaped) (   0K) [CUDA0         ]  CUDA0# (reshaped)#0 (   2M) [ NULL         ]
node #112 (      CONT):        (view) (cont) (  32K) [CUDA0         ] use=1,c=1:               (view) (  32K) [CUDA0         ]
node #114 (  RMS_NORM):             node_114 (  32K) [CUDA0         ] use=1,c=1:  (view) (cont) (resh (  32K) [CUDA0         ]
node #115 (       MUL):             node_115 (  32K) [CUDA0         ] use=1,c=1:             node_114 (  32K) [CUDA0         ] blk.1.ssm_norm.weigh (   0K) [CUDA0         ]
node #116 (   MUL_MAT):             node_116 (  32K) [CUDA0         ] use=1,c=1: blk.1.attn_gate.weig (   4M) [CUDA0         ]              node_78 (  16K) [CUDA0         ]
node #118 (      SILU):             node_118 (  32K) [CUDA0         ] use=1,c=1:           (reshaped) (  32K) [CUDA0         ]
node #119 (       MUL):             node_119 (  32K) [CUDA0         ] use=1,c=1:             node_115 (  32K) [CUDA0         ]             node_118 (  32K) [CUDA0         ]
node #121 (   MUL_MAT):             node_121 (  16K) [CUDA0         ] use=1,c=1: blk.1.ssm_out.weight (   4M) [CUDA0         ]           (reshaped) (  32K) [CUDA0         ]
node #122 (       ADD):             node_122 (  16K) [CUDA0         ] use=2,c=1:              node_75 (  16K) [CUDA0         ]             node_121 (  16K) [CUDA0         ]
node #123 (  RMS_NORM):             node_123 (  16K) [CUDA0         ] use=1,c=1:             node_122 (  16K) [CUDA0         ]
node #124 (       MUL):             node_124 (  16K) [CUDA0         ] use=5,c=1:             node_123 (  16K) [CUDA0         ] blk.1.post_attention (   8K) [CUDA0         ]
node #126 (   MUL_MAT):             node_126 (   2K) [CUDA0         ] use=1,c=1: blk.1.ffn_gate_inp.w (   2M) [CUDA0         ]             node_124 (  16K) [CUDA0         ]
node #127 (  SOFT_MAX):             node_127 (   2K) [CUDA0         ] use=2,c=1:             node_126 (   2K) [CUDA0         ]
node #128 (     TOP_K):             node_128 (   0K) [CUDA0         ] use=4,c=1:             node_127 (   2K) [CUDA0         ]
node #129 (MUL_MAT_ID):             node_129 (  32K) [CUDA0         ] use=1,c=1: blk.1.ffn_gate_exps. ( 144M) [CUDA0         ]           (reshaped) (  16K) [CUDA0         ]             node_128 (   0K) [CUDA0         ]
node #130 (      SILU):             node_130 (  32K) [CUDA0         ] use=1,c=1:             node_129 (  32K) [CUDA0         ]
node #131 (MUL_MAT_ID):             node_131 (  32K) [CUDA0         ] use=1,c=1: blk.1.ffn_up_exps.we ( 144M) [CUDA0         ]           (reshaped) (  16K) [CUDA0         ]             node_128 (   0K) [CUDA0         ]
node #132 (       MUL):             node_132 (  32K) [CUDA0         ] use=1,c=1:             node_130 (  32K) [CUDA0         ]             node_131 (  32K) [CUDA0         ]
node #133 (MUL_MAT_ID):             node_133 ( 128K) [CUDA0         ] use=1,c=1: blk.1.ffn_down_exps. ( 210M) [CUDA0         ]             node_132 (  32K) [CUDA0         ]             node_128 (   0K) [CUDA0         ]
node #135 (  GET_ROWS):             node_135 (   0K) [CUDA0         ] use=1,c=1:           (reshaped) (   2K) [CUDA0         ]             node_128 (   0K) [CUDA0         ]
node #136 (       MUL):             node_136 ( 128K) [CUDA0         ] use=1,c=1:             node_133 ( 128K) [CUDA0         ]             node_135 (   0K) [CUDA0         ]
node #138 (      CONT):    (permuted) (cont) ( 128K) [CUDA0         ] use=1,c=1:           (permuted) ( 128K) [CUDA0         ]
node #139 (  SUM_ROWS):             node_139 (  16K) [CUDA0         ] use=1,c=1:    (permuted) (cont) ( 128K) [CUDA0         ]
node #141 (   MUL_MAT):             node_141 (   4K) [CUDA0         ] use=1,c=1: blk.1.ffn_gate_shexp ( 576K) [CUDA0         ]             node_124 (  16K) [CUDA0         ]
node #142 (      SILU):             node_142 (   4K) [CUDA0         ] use=1,c=1:             node_141 (   4K) [CUDA0         ]
node #143 (   MUL_MAT):             node_143 (   4K) [CUDA0         ] use=1,c=1: blk.1.ffn_up_shexp.w ( 576K) [CUDA0         ]             node_124 (  16K) [CUDA0         ]
node #144 (       MUL):             node_144 (   4K) [CUDA0         ] use=1,c=1:             node_142 (   4K) [CUDA0         ]             node_143 (   4K) [CUDA0         ]
node #145 (   MUL_MAT):             node_145 (  16K) [CUDA0         ] use=1,c=1: blk.1.ffn_down_shexp ( 840K) [CUDA0         ]             node_144 (   4K) [CUDA0         ]
node #146 (   MUL_MAT):             node_146 (   0K) [CUDA0         ] use=1,c=1: blk.1.ffn_gate_inp_s (   8K) [CUDA0         ]             node_124 (  16K) [CUDA0         ]
node #147 (   SIGMOID):             node_147 (   0K) [CUDA0         ] use=1,c=1:             node_146 (   0K) [CUDA0         ]
node #148 (       MUL):             node_148 (  16K) [CUDA0         ] use=1,c=1:             node_145 (  16K) [CUDA0         ]             node_147 (   0K) [CUDA0         ]
node #149 (       ADD):             node_149 (  16K) [CUDA0         ] use=1,c=1:           (reshaped) (  16K) [CUDA0         ]             node_148 (  16K) [CUDA0         ]
node #150 (       ADD):             node_150 (  16K) [CUDA0         ] use=2,c=1:             node_122 (  16K) [CUDA0         ]             node_149 (  16K) [CUDA0         ]
node #152 (  RMS_NORM):             node_152 (  16K) [CUDA0         ] use=1,c=1:             node_150 (  16K) [CUDA0         ]
node #153 (       MUL):             node_153 (  16K) [CUDA0         ] use=4,c=1:             node_152 (  16K) [CUDA0         ] blk.2.attn_norm.weig (   8K) [CUDA0         ]
node #154 (   MUL_MAT):             node_154 (  64K) [CUDA0         ] use=1,c=1: blk.2.attn_qkv.weigh (  13M) [CUDA0         ]             node_153 (  16K) [CUDA0         ]
node #156 (      CONT):  (transposed) (cont) (  64K) [CUDA0         ] use=1,c=1:         (transposed) (  64K) [CUDA0         ]
node #157 (    CONCAT):             node_157 ( 160K) [CUDA0         ] use=1,c=1:  CUDA0# (reshaped)#0 (  96K) [ NULL         ]  (transposed) (cont) (  64K) [CUDA0         ]
node #159 (  SSM_CONV):             node_159 (  64K) [CUDA0         ] use=1,c=1:           (reshaped) ( 160K) [CUDA0         ] blk.2.ssm_conv1d.wei ( 128K) [CUDA0         ]
node #160 (      SILU):             node_160 (  64K) [CUDA0         ] use=1,c=1:             node_159 (  64K) [CUDA0         ]
node #163 (      CONT):  (reshaped) (view) ( (  16K) [CUDA0         ] use=1,c=1:    (reshaped) (view) (  40K) [CUDA0         ]
node #165 (   L2_NORM):             node_165 (  16K) [CUDA0         ] use=1,c=1:  (reshaped) (view) ( (  16K) [CUDA0         ]
node #166 (    REPEAT):             node_166 (  32K) [CUDA0         ] use=1,c=1:             node_165 (  16K) [CUDA0         ]
node #167 (     SCALE):             node_167 (  32K) [CUDA0         ] use=1,c=1:             node_166 (  32K) [CUDA0         ]
node #169 (      CONT):  (reshaped) (view) ( (  16K) [CUDA0         ] use=1,c=1:    (reshaped) (view) (  40K) [CUDA0         ]
node #171 (   L2_NORM):             node_171 (  16K) [CUDA0         ] use=1,c=1:  (reshaped) (view) ( (  16K) [CUDA0         ]
node #172 (    REPEAT):             node_172 (  32K) [CUDA0         ] use=1,c=1:             node_171 (  16K) [CUDA0         ]
node #174 (      CONT):  (reshaped) (view) ( (  32K) [CUDA0         ] use=1,c=1:    (reshaped) (view) (  48K) [CUDA0         ]
node #176 (   MUL_MAT):             node_176 (   0K) [CUDA0         ] use=1,c=1: blk.2.ssm_alpha.weig (  36K) [CUDA0         ]             node_153 (  16K) [CUDA0         ]
node #177 (       ADD):             node_177 (   0K) [CUDA0         ] use=1,c=1:             node_176 (   0K) [CUDA0         ]    blk.2.ssm_dt.bias (   0K) [CUDA0         ]
node #178 (  SOFTPLUS):             node_178 (   0K) [CUDA0         ] use=1,c=1:             node_177 (   0K) [CUDA0         ]
node #179 (       MUL):             node_179 (   0K) [CUDA0         ] use=1,c=1:             node_178 (   0K) [CUDA0         ]          blk.2.ssm_a (   0K) [CUDA0         ]
node #181 (   MUL_MAT):             node_181 (   0K) [CUDA0         ] use=1,c=1: blk.2.ssm_beta.weigh (  36K) [CUDA0         ]             node_153 (  16K) [CUDA0         ]
node #182 (   SIGMOID):             node_182 (   0K) [CUDA0         ] use=1,c=1:             node_181 (   0K) [CUDA0         ]
node #185 (GATED_DELT):             node_185 (   2M) [CUDA0         ] use=2,c=1:             node_167 (  32K) [CUDA0         ]             node_172 (  32K) [CUDA0         ]  (reshaped) (view) ( (  32K) [CUDA0         ]           (reshaped) (   0K) [CUDA0         ]           (reshaped) (   0K) [CUDA0         ]  CUDA0# (reshaped)#0 (   2M) [ NULL         ]
node #187 (      CONT):        (view) (cont) (  32K) [CUDA0         ] use=1,c=1:               (view) (  32K) [CUDA0         ]
node #189 (  RMS_NORM):             node_189 (  32K) [CUDA0         ] use=1,c=1:  (view) (cont) (resh (  32K) [CUDA0         ]
node #190 (       MUL):             node_190 (  32K) [CUDA0         ] use=1,c=1:             node_189 (  32K) [CUDA0         ] blk.2.ssm_norm.weigh (   0K) [CUDA0         ]
node #191 (   MUL_MAT):             node_191 (  32K) [CUDA0         ] use=1,c=1: blk.2.attn_gate.weig (   4M) [CUDA0         ]             node_153 (  16K) [CUDA0         ]
node #193 (      SILU):             node_193 (  32K) [CUDA0         ] use=1,c=1:           (reshaped) (  32K) [CUDA0         ]
node #194 (       MUL):             node_194 (  32K) [CUDA0         ] use=1,c=1:             node_190 (  32K) [CUDA0         ]             node_193 (  32K) [CUDA0         ]
node #196 (   MUL_MAT):             node_196 (  16K) [CUDA0         ] use=1,c=1: blk.2.ssm_out.weight (   4M) [CUDA0         ]           (reshaped) (  32K) [CUDA0         ]
node #197 (       ADD):             node_197 (  16K) [CUDA0         ] use=2,c=1:             node_150 (  16K) [CUDA0         ]             node_196 (  16K) [CUDA0         ]
node #198 (  RMS_NORM):             node_198 (  16K) [CUDA0         ] use=1,c=1:             node_197 (  16K) [CUDA0         ]
node #199 (       MUL):             node_199 (  16K) [CUDA0         ] use=5,c=1:             node_198 (  16K) [CUDA0         ] blk.2.post_attention (   8K) [CUDA0         ]
node #201 (   MUL_MAT):             node_201 (   2K) [CUDA0         ] use=1,c=1: blk.2.ffn_gate_inp.w (   2M) [CUDA0         ]             node_199 (  16K) [CUDA0         ]
node #202 (  SOFT_MAX):             node_202 (   2K) [CUDA0         ] use=2,c=1:             node_201 (   2K) [CUDA0         ]
node #203 (     TOP_K):             node_203 (   0K) [CUDA0         ] use=4,c=1:             node_202 (   2K) [CUDA0         ]
node #204 (MUL_MAT_ID):             node_204 (  32K) [CUDA0         ] use=1,c=1: blk.2.ffn_gate_exps. ( 144M) [CUDA0         ]           (reshaped) (  16K) [CUDA0         ]             node_203 (   0K) [CUDA0         ]
node #205 (      SILU):             node_205 (  32K) [CUDA0         ] use=1,c=1:             node_204 (  32K) [CUDA0         ]
node #206 (MUL_MAT_ID):             node_206 (  32K) [CUDA0         ] use=1,c=1: blk.2.ffn_up_exps.we ( 144M) [CUDA0         ]           (reshaped) (  16K) [CUDA0         ]             node_203 (   0K) [CUDA0         ]
node #207 (       MUL):             node_207 (  32K) [CUDA0         ] use=1,c=1:             node_205 (  32K) [CUDA0         ]             node_206 (  32K) [CUDA0         ]
node #208 (MUL_MAT_ID):             node_208 ( 128K) [CUDA0         ] use=1,c=1: blk.2.ffn_down_exps. ( 210M) [CUDA0         ]             node_207 (  32K) [CUDA0         ]             node_203 (   0K) [CUDA0         ]
node #210 (  GET_ROWS):             node_210 (   0K) [CUDA0         ] use=1,c=1:           (reshaped) (   2K) [CUDA0         ]             node_203 (   0K) [CUDA0         ]
node #211 (       MUL):             node_211 ( 128K) [CUDA0         ] use=1,c=1:             node_208 ( 128K) [CUDA0         ]             node_210 (   0K) [CUDA0         ]
node #213 (      CONT):    (permuted) (cont) ( 128K) [CUDA0         ] use=1,c=1:           (permuted) ( 128K) [CUDA0         ]
node #214 (  SUM_ROWS):             node_214 (  16K) [CUDA0         ] use=1,c=1:    (permuted) (cont) ( 128K) [CUDA0         ]
node #216 (   MUL_MAT):             node_216 (   4K) [CUDA0         ] use=1,c=1: blk.2.ffn_gate_shexp ( 576K) [CUDA0         ]             node_199 (  16K) [CUDA0         ]
node #217 (      SILU):             node_217 (   4K) [CUDA0         ] use=1,c=1:             node_216 (   4K) [CUDA0         ]
node #218 (   MUL_MAT):             node_218 (   4K) [CUDA0         ] use=1,c=1: blk.2.ffn_up_shexp.w ( 576K) [CUDA0         ]             node_199 (  16K) [CUDA0         ]
node #219 (       MUL):             node_219 (   4K) [CUDA0         ] use=1,c=1:             node_217 (   4K) [CUDA0         ]             node_218 (   4K) [CUDA0         ]
node #220 (   MUL_MAT):             node_220 (  16K) [CUDA0         ] use=1,c=1: blk.2.ffn_down_shexp ( 840K) [CUDA0         ]             node_219 (   4K) [CUDA0         ]
node #221 (   MUL_MAT):             node_221 (   0K) [CUDA0         ] use=1,c=1: blk.2.ffn_gate_inp_s (   8K) [CUDA0         ]             node_199 (  16K) [CUDA0         ]
node #222 (   SIGMOID):             node_222 (   0K) [CUDA0         ] use=1,c=1:             node_221 (   0K) [CUDA0         ]
node #223 (       MUL):             node_223 (  16K) [CUDA0         ] use=1,c=1:             node_220 (  16K) [CUDA0         ]             node_222 (   0K) [CUDA0         ]
node #224 (       ADD):             node_224 (  16K) [CUDA0         ] use=1,c=1:           (reshaped) (  16K) [CUDA0         ]             node_223 (  16K) [CUDA0         ]
node #225 (       ADD):             node_225 (  16K) [CUDA0         ] use=2,c=1:             node_197 (  16K) [CUDA0         ]             node_224 (  16K) [CUDA0         ]
node #226 (  RMS_NORM):             node_226 (  16K) [CUDA0         ] use=1,c=1:             node_225 (  16K) [CUDA0         ]
node #227 (       MUL):             node_227 (  16K) [CUDA0         ] use=3,c=1:             node_226 (  16K) [CUDA0         ] blk.3.attn_norm.weig (   8K) [CUDA0         ]
node #228 (   MUL_MAT):             node_228 (  64K) [CUDA0         ] use=1,c=1:  blk.3.attn_q.weight (   9M) [CUDA0         ]             node_227 (  16K) [CUDA0         ]
node #231 (      CONT):  (reshaped) (view) ( (  32K) [CUDA0         ] use=1,c=1:    (reshaped) (view) (  63K) [CUDA0         ]
node #232 (  RMS_NORM):             node_232 (  32K) [CUDA0         ] use=1,c=1:  (reshaped) (view) ( (  32K) [CUDA0         ]
node #233 (       MUL):             node_233 (  32K) [CUDA0         ] use=1,c=1:             node_232 (  32K) [CUDA0         ] blk.3.attn_q_norm.we (   1K) [CUDA0         ]

## SPLIT #2: CPU # 1 inputs: [node_233 (  32K)] 
node #234 (      ROPE):             node_234 (  32K) [  CPU         ] use=1,c=1:       CPU#node_233#0 (  32K) [ NULL         ]              leaf_70 (   0K) [  CPU         ]              leaf_71 (   0K) [  CPU         ]

## SPLIT #3: CUDA0 # 0 inputs
node #236 (   MUL_MAT):             node_236 (   4K) [CUDA0         ] use=1,c=1:  blk.3.attn_k.weight ( 576K) [CUDA0         ]             node_227 (  16K) [CUDA0         ]
node #238 (  RMS_NORM):             node_238 (   4K) [CUDA0         ] use=1,c=1:           (reshaped) (   4K) [CUDA0         ]
node #239 (       MUL):             node_239 (   4K) [CUDA0         ] use=1,c=1:             node_238 (   4K) [CUDA0         ] blk.3.attn_k_norm.we (   1K) [CUDA0         ]

## SPLIT #4: CPU # 1 inputs: [node_239 (   4K)] 
node #240 (      ROPE):             node_240 (   4K) [  CPU         ] use=1,c=1:       CPU#node_239#0 (   4K) [ NULL         ]              leaf_70 (   0K) [  CPU         ]              leaf_71 (   0K) [  CPU         ]
node #242 (       CPY):    (permuted) (copy) (   2K) [  CPU         ] use=2,c=1:           (permuted) (   4K) [  CPU         ]    (permuted) (copy) (   2K) [  CPU         ]

## SPLIT #5: CUDA0 # 0 inputs
node #243 (   MUL_MAT):             node_243 (   4K) [CUDA0         ] use=1,c=1:  blk.3.attn_v.weight ( 840K) [CUDA0         ]             node_227 (  16K) [CUDA0         ]
node #245 (      CONT):    (reshaped) (cont) (   4K) [CUDA0         ] use=1,c=1:           (reshaped) (   4K) [CUDA0         ]
node #247 (       CPY):  (reshaped) (cont) ( (   2K) [CUDA0         ] use=2,c=1:  (reshaped) (cont) ( (   4K) [CUDA0         ]  (reshaped) (cont) ( (   2K) [CUDA0         ]

## SPLIT #6: CPU # 1 inputs: [ (reshaped) (cont) (permuted) (copy) (   2K)] 
node #248 (       CPY):               (copy) (   0K) [  CPU         ] use=2,c=1:              leaf_75 (   0K) [  CPU         ]               (copy) (   0K) [  CPU         ]
node #249 (FLASH_ATTN):             node_249 (  32K) [  CPU         ] use=1,c=1:           (permuted) (  32K) [  CPU         ]    (permuted) (copy) (   2K) [  CPU         ] CPU# (reshaped) (con (   2K) [ NULL         ]               (copy) (   0K) [  CPU         ]

## SPLIT #7: CUDA0 # 7 inputs: [node_249 (  32K)] [ (reshaped) (  96K)] [ (reshaped) (   2M)] [ (reshaped) (  96K)] [ (reshaped) (   2M)] [ (reshaped) (  96K)] [ (reshaped) (   2M)] 
node #251 (      CONT):  (reshaped) (view) ( (  32K) [CUDA0         ] use=1,c=1:    (reshaped) (view) (  63K) [CUDA0         ]
node #252 (   SIGMOID):             node_252 (  32K) [CUDA0         ] use=1,c=1:  (reshaped) (view) ( (  32K) [CUDA0         ]
node #253 (       MUL):             node_253 (  32K) [CUDA0         ] use=1,c=1:     CUDA0#node_249#0 (  32K) [ NULL         ]             node_252 (  32K) [CUDA0         ]
node #255 (   MUL_MAT):             node_255 (  16K) [CUDA0         ] use=1,c=1: blk.3.attn_output.we (   4M) [CUDA0         ]           (reshaped) (  32K) [CUDA0         ]
node #256 (       ADD):             node_256 (  16K) [CUDA0         ] use=2,c=1:             node_225 (  16K) [CUDA0         ]             node_255 (  16K) [CUDA0         ]
node #257 (  RMS_NORM):             node_257 (  16K) [CUDA0         ] use=1,c=1:             node_256 (  16K) [CUDA0         ]
node #258 (       MUL):             node_258 (  16K) [CUDA0         ] use=5,c=1:             node_257 (  16K) [CUDA0         ] blk.3.post_attention (   8K) [CUDA0         ]
node #260 (   MUL_MAT):             node_260 (   2K) [CUDA0         ] use=1,c=1: blk.3.ffn_gate_inp.w (   2M) [CUDA0         ]             node_258 (  16K) [CUDA0         ]
node #261 (  SOFT_MAX):             node_261 (   2K) [CUDA0         ] use=2,c=1:             node_260 (   2K) [CUDA0         ]
node #262 (     TOP_K):             node_262 (   0K) [CUDA0         ] use=4,c=1:             node_261 (   2K) [CUDA0         ]
node #263 (MUL_MAT_ID):             node_263 (  32K) [CUDA0         ] use=1,c=1: blk.3.ffn_gate_exps. ( 144M) [CUDA0         ]           (reshaped) (  16K) [CUDA0         ]             node_262 (   0K) [CUDA0         ]
node #264 (      SILU):             node_264 (  32K) [CUDA0         ] use=1,c=1:             node_263 (  32K) [CUDA0         ]
node #265 (MUL_MAT_ID):             node_265 (  32K) [CUDA0         ] use=1,c=1: blk.3.ffn_up_exps.we ( 144M) [CUDA0         ]           (reshaped) (  16K) [CUDA0         ]             node_262 (   0K) [CUDA0         ]
node #266 (       MUL):             node_266 (  32K) [CUDA0         ] use=1,c=1:             node_264 (  32K) [CUDA0         ]             node_265 (  32K) [CUDA0         ]
node #267 (MUL_MAT_ID):             node_267 ( 128K) [CUDA0         ] use=1,c=1: blk.3.ffn_down_exps. ( 210M) [CUDA0         ]             node_266 (  32K) [CUDA0         ]             node_262 (   0K) [CUDA0         ]
node #269 (  GET_ROWS):             node_269 (   0K) [CUDA0         ] use=1,c=1:           (reshaped) (   2K) [CUDA0         ]             node_262 (   0K) [CUDA0         ]
node #270 (       MUL):             node_270 ( 128K) [CUDA0         ] use=1,c=1:             node_267 ( 128K) [CUDA0         ]             node_269 (   0K) [CUDA0         ]
node #272 (      CONT):    (permuted) (cont) ( 128K) [CUDA0         ] use=1,c=1:           (permuted) ( 128K) [CUDA0         ]
node #273 (  SUM_ROWS):             node_273 (  16K) [CUDA0         ] use=1,c=1:    (permuted) (cont) ( 128K) [CUDA0         ]
node #275 (   MUL_MAT):             node_275 (   4K) [CUDA0         ] use=1,c=1: blk.3.ffn_gate_shexp ( 576K) [CUDA0         ]             node_258 (  16K) [CUDA0         ]
node #276 (      SILU):             node_276 (   4K) [CUDA0         ] use=1,c=1:             node_275 (   4K) [CUDA0         ]
node #277 (   MUL_MAT):             node_277 (   4K) [CUDA0         ] use=1,c=1: blk.3.ffn_up_shexp.w ( 576K) [CUDA0         ]             node_258 (  16K) [CUDA0         ]
node #278 (       MUL):             node_278 (   4K) [CUDA0         ] use=1,c=1:             node_276 (   4K) [CUDA0         ]             node_277 (   4K) [CUDA0         ]
node #279 (   MUL_MAT):             node_279 (  16K) [CUDA0         ] use=1,c=1: blk.3.ffn_down_shexp ( 840K) [CUDA0         ]             node_278 (   4K) [CUDA0         ]
node #280 (   MUL_MAT):             node_280 (   0K) [CUDA0         ] use=1,c=1: blk.3.ffn_gate_inp_s (   8K) [CUDA0         ]             node_258 (  16K) [CUDA0         ]
node #281 (   SIGMOID):             node_281 (   0K) [CUDA0         ] use=1,c=1:             node_280 (   0K) [CUDA0         ]
node #282 (       MUL):             node_282 (  16K) [CUDA0         ] use=1,c=1:             node_279 (  16K) [CUDA0         ]             node_281 (   0K) [CUDA0         ]
node #283 (       ADD):             node_283 (  16K) [CUDA0         ] use=1,c=1:           (reshaped) (  16K) [CUDA0         ]             node_282 (  16K) [CUDA0         ]
node #284 (       ADD):             node_284 (  16K) [CUDA0         ] use=2,c=1:             node_256 (  16K) [CUDA0         ]             node_283 (  16K) [CUDA0         ]
node #286 (  RMS_NORM):             node_286 (  16K) [CUDA0         ] use=1,c=1:             node_284 (  16K) [CUDA0         ]
node #287 (       MUL):             node_287 (  16K) [CUDA0         ] use=4,c=1:             node_286 (  16K) [CUDA0         ] blk.4.attn_norm.weig (   8K) [CUDA0         ]
node #288 (   MUL_MAT):             node_288 (  64K) [CUDA0         ] use=1,c=1: blk.4.attn_qkv.weigh (  13M) [CUDA0         ]             node_287 (  16K) [CUDA0         ]
node #290 (      CONT):  (transposed) (cont) (  64K) [CUDA0         ] use=1,c=1:         (transposed) (  64K) [CUDA0         ]
node #291 (    CONCAT):             node_291 ( 160K) [CUDA0         ] use=1,c=1:  CUDA0# (reshaped)#0 (  96K) [ NULL         ]  (transposed) (cont) (  64K) [CUDA0         ]
node #293 (  SSM_CONV):             node_293 (  64K) [CUDA0         ] use=1,c=1:           (reshaped) ( 160K) [CUDA0         ] blk.4.ssm_conv1d.wei ( 128K) [CUDA0         ]
node #294 (      SILU):             node_294 (  64K) [CUDA0         ] use=1,c=1:             node_293 (  64K) [CUDA0         ]
node #297 (      CONT):  (reshaped) (view) ( (  16K) [CUDA0         ] use=1,c=1:    (reshaped) (view) (  40K) [CUDA0         ]
node #299 (   L2_NORM):             node_299 (  16K) [CUDA0         ] use=1,c=1:  (reshaped) (view) ( (  16K) [CUDA0         ]
node #300 (    REPEAT):             node_300 (  32K) [CUDA0         ] use=1,c=1:             node_299 (  16K) [CUDA0         ]
node #301 (     SCALE):             node_301 (  32K) [CUDA0         ] use=1,c=1:             node_300 (  32K) [CUDA0         ]
node #303 (      CONT):  (reshaped) (view) ( (  16K) [CUDA0         ] use=1,c=1:    (reshaped) (view) (  40K) [CUDA0         ]
node #305 (   L2_NORM):             node_305 (  16K) [CUDA0         ] use=1,c=1:  (reshaped) (view) ( (  16K) [CUDA0         ]
node #306 (    REPEAT):             node_306 (  32K) [CUDA0         ] use=1,c=1:             node_305 (  16K) [CUDA0         ]
node #308 (      CONT):  (reshaped) (view) ( (  32K) [CUDA0         ] use=1,c=1:    (reshaped) (view) (  48K) [CUDA0         ]
node #310 (   MUL_MAT):             node_310 (   0K) [CUDA0         ] use=1,c=1: blk.4.ssm_alpha.weig (  36K) [CUDA0         ]             node_287 (  16K) [CUDA0         ]
node #311 (       ADD):             node_311 (   0K) [CUDA0         ] use=1,c=1:             node_310 (   0K) [CUDA0         ]    blk.4.ssm_dt.bias (   0K) [CUDA0         ]
node #312 (  SOFTPLUS):             node_312 (   0K) [CUDA0         ] use=1,c=1:             node_311 (   0K) [CUDA0         ]
node #313 (       MUL):             node_313 (   0K) [CUDA0         ] use=1,c=1:             node_312 (   0K) [CUDA0         ]          blk.4.ssm_a (   0K) [CUDA0         ]
node #315 (   MUL_MAT):             node_315 (   0K) [CUDA0         ] use=1,c=1: blk.4.ssm_beta.weigh (  36K) [CUDA0         ]             node_287 (  16K) [CUDA0         ]
node #316 (   SIGMOID):             node_316 (   0K) [CUDA0         ] use=1,c=1:             node_315 (   0K) [CUDA0         ]
node #319 (GATED_DELT):             node_319 (   2M) [CUDA0         ] use=2,c=1:             node_301 (  32K) [CUDA0         ]             node_306 (  32K) [CUDA0         ]  (reshaped) (view) ( (  32K) [CUDA0         ]           (reshaped) (   0K) [CUDA0         ]           (reshaped) (   0K) [CUDA0         ]  CUDA0# (reshaped)#0 (   2M) [ NULL         ]
node #321 (      CONT):        (view) (cont) (  32K) [CUDA0         ] use=1,c=1:               (view) (  32K) [CUDA0         ]
node #323 (  RMS_NORM):             node_323 (  32K) [CUDA0         ] use=1,c=1:  (view) (cont) (resh (  32K) [CUDA0         ]
node #324 (       MUL):             node_324 (  32K) [CUDA0         ] use=1,c=1:             node_323 (  32K) [CUDA0         ] blk.4.ssm_norm.weigh (   0K) [CUDA0         ]
node #325 (   MUL_MAT):             node_325 (  32K) [CUDA0         ] use=1,c=1: blk.4.attn_gate.weig (   4M) [CUDA0         ]             node_287 (  16K) [CUDA0         ]
node #327 (      SILU):             node_327 (  32K) [CUDA0         ] use=1,c=1:           (reshaped) (  32K) [CUDA0         ]
node #328 (       MUL):             node_328 (  32K) [CUDA0         ] use=1,c=1:             node_324 (  32K) [CUDA0         ]             node_327 (  32K) [CUDA0         ]
node #330 (   MUL_MAT):             node_330 (  16K) [CUDA0         ] use=1,c=1: blk.4.ssm_out.weight (   4M) [CUDA0         ]           (reshaped) (  32K) [CUDA0         ]
node #331 (       ADD):             node_331 (  16K) [CUDA0         ] use=2,c=1:             node_284 (  16K) [CUDA0         ]             node_330 (  16K) [CUDA0         ]
node #332 (  RMS_NORM):             node_332 (  16K) [CUDA0         ] use=1,c=1:             node_331 (  16K) [CUDA0         ]
node #333 (       MUL):             node_333 (  16K) [CUDA0         ] use=5,c=1:             node_332 (  16K) [CUDA0         ] blk.4.post_attention (   8K) [CUDA0         ]
node #335 (   MUL_MAT):             node_335 (   2K) [CUDA0         ] use=1,c=1: blk.4.ffn_gate_inp.w (   2M) [CUDA0         ]             node_333 (  16K) [CUDA0         ]
node #336 (  SOFT_MAX):             node_336 (   2K) [CUDA0         ] use=2,c=1:             node_335 (   2K) [CUDA0         ]
node #337 (     TOP_K):             node_337 (   0K) [CUDA0         ] use=4,c=1:             node_336 (   2K) [CUDA0         ]
node #338 (MUL_MAT_ID):             node_338 (  32K) [CUDA0         ] use=1,c=1: blk.4.ffn_gate_exps. ( 144M) [CUDA0         ]           (reshaped) (  16K) [CUDA0         ]             node_337 (   0K) [CUDA0         ]
node #339 (      SILU):             node_339 (  32K) [CUDA0         ] use=1,c=1:             node_338 (  32K) [CUDA0         ]
node #340 (MUL_MAT_ID):             node_340 (  32K) [CUDA0         ] use=1,c=1: blk.4.ffn_up_exps.we ( 144M) [CUDA0         ]           (reshaped) (  16K) [CUDA0         ]             node_337 (   0K) [CUDA0         ]
node #341 (       MUL):             node_341 (  32K) [CUDA0         ] use=1,c=1:             node_339 (  32K) [CUDA0         ]             node_340 (  32K) [CUDA0         ]
node #342 (MUL_MAT_ID):             node_342 ( 128K) [CUDA0         ] use=1,c=1: blk.4.ffn_down_exps. ( 210M) [CUDA0         ]             node_341 (  32K) [CUDA0         ]             node_337 (   0K) [CUDA0         ]
node #344 (  GET_ROWS):             node_344 (   0K) [CUDA0         ] use=1,c=1:           (reshaped) (   2K) [CUDA0         ]             node_337 (   0K) [CUDA0         ]
node #345 (       MUL):             node_345 ( 128K) [CUDA0         ] use=1,c=1:             node_342 ( 128K) [CUDA0         ]             node_344 (   0K) [CUDA0         ]
node #347 (      CONT):    (permuted) (cont) ( 128K) [CUDA0         ] use=1,c=1:           (permuted) ( 128K) [CUDA0         ]
node #348 (  SUM_ROWS):             node_348 (  16K) [CUDA0         ] use=1,c=1:    (permuted) (cont) ( 128K) [CUDA0         ]
node #350 (   MUL_MAT):             node_350 (   4K) [CUDA0         ] use=1,c=1: blk.4.ffn_gate_shexp ( 576K) [CUDA0         ]             node_333 (  16K) [CUDA0         ]
node #351 (      SILU):             node_351 (   4K) [CUDA0         ] use=1,c=1:             node_350 (   4K) [CUDA0         ]
node #352 (   MUL_MAT):             node_352 (   4K) [CUDA0         ] use=1,c=1: blk.4.ffn_up_shexp.w ( 576K) [CUDA0         ]             node_333 (  16K) [CUDA0         ]
node #353 (       MUL):             node_353 (   4K) [CUDA0         ] use=1,c=1:             node_351 (   4K) [CUDA0         ]             node_352 (   4K) [CUDA0         ]
node #354 (   MUL_MAT):             node_354 (  16K) [CUDA0         ] use=1,c=1: blk.4.ffn_down_shexp ( 840K) [CUDA0         ]             node_353 (   4K) [CUDA0         ]
node #355 (   MUL_MAT):             node_355 (   0K) [CUDA0         ] use=1,c=1: blk.4.ffn_gate_inp_s (   8K) [CUDA0         ]             node_333 (  16K) [CUDA0         ]
node #356 (   SIGMOID):             node_356 (   0K) [CUDA0         ] use=1,c=1:             node_355 (   0K) [CUDA0         ]
node #357 (       MUL):             node_357 (  16K) [CUDA0         ] use=1,c=1:             node_354 (  16K) [CUDA0         ]             node_356 (   0K) [CUDA0         ]
node #358 (       ADD):             node_358 (  16K) [CUDA0         ] use=1,c=1:           (reshaped) (  16K) [CUDA0         ]             node_357 (  16K) [CUDA0         ]
node #359 (       ADD):             node_359 (  16K) [CUDA0         ] use=2,c=1:             node_331 (  16K) [CUDA0         ]             node_358 (  16K) [CUDA0         ]
node #361 (  RMS_NORM):             node_361 (  16K) [CUDA0         ] use=1,c=1:             node_359 (  16K) [CUDA0         ]
node #362 (       MUL):             node_362 (  16K) [CUDA0         ] use=4,c=1:             node_361 (  16K) [CUDA0         ] blk.5.attn_norm.weig (   8K) [CUDA0         ]
node #363 (   MUL_MAT):             node_363 (  64K) [CUDA0         ] use=1,c=1: blk.5.attn_qkv.weigh (   9M) [CUDA0         ]             node_362 (  16K) [CUDA0         ]
node #365 (      CONT):  (transposed) (cont) (  64K) [CUDA0         ] use=1,c=1:         (transposed) (  64K) [CUDA0         ]
node #366 (    CONCAT):             node_366 ( 160K) [CUDA0         ] use=1,c=1:  CUDA0# (reshaped)#0 (  96K) [ NULL         ]  (transposed) (cont) (  64K) [CUDA0         ]
node #368 (  SSM_CONV):             node_368 (  64K) [CUDA0         ] use=1,c=1:           (reshaped) ( 160K) [CUDA0         ] blk.5.ssm_conv1d.wei ( 128K) [CUDA0         ]
node #369 (      SILU):             node_369 (  64K) [CUDA0         ] use=1,c=1:             node_368 (  64K) [CUDA0         ]
node #372 (      CONT):  (reshaped) (view) ( (  16K) [CUDA0         ] use=1,c=1:    (reshaped) (view) (  40K) [CUDA0         ]
node #374 (   L2_NORM):             node_374 (  16K) [CUDA0         ] use=1,c=1:  (reshaped) (view) ( (  16K) [CUDA0         ]
node #375 (    REPEAT):             node_375 (  32K) [CUDA0         ] use=1,c=1:             node_374 (  16K) [CUDA0         ]
node #376 (     SCALE):             node_376 (  32K) [CUDA0         ] use=1,c=1:             node_375 (  32K) [CUDA0         ]
node #378 (      CONT):  (reshaped) (view) ( (  16K) [CUDA0         ] use=1,c=1:    (reshaped) (view) (  40K) [CUDA0         ]
node #380 (   L2_NORM):             node_380 (  16K) [CUDA0         ] use=1,c=1:  (reshaped) (view) ( (  16K) [CUDA0         ]
node #381 (    REPEAT):             node_381 (  32K) [CUDA0         ] use=1,c=1:             node_380 (  16K) [CUDA0         ]
node #383 (      CONT):  (reshaped) (view) ( (  32K) [CUDA0         ] use=1,c=1:    (reshaped) (view) (  48K) [CUDA0         ]
node #385 (   MUL_MAT):             node_385 (   0K) [CUDA0         ] use=1,c=1: blk.5.ssm_alpha.weig (  36K) [CUDA0         ]             node_362 (  16K) [CUDA0         ]
node #386 (       ADD):             node_386 (   0K) [CUDA0         ] use=1,c=1:             node_385 (   0K) [CUDA0         ]    blk.5.ssm_dt.bias (   0K) [CUDA0         ]
node #387 (  SOFTPLUS):             node_387 (   0K) [CUDA0         ] use=1,c=1:             node_386 (   0K) [CUDA0         ]
node #388 (       MUL):             node_388 (   0K) [CUDA0         ] use=1,c=1:             node_387 (   0K) [CUDA0         ]          blk.5.ssm_a (   0K) [CUDA0         ]
node #390 (   MUL_MAT):             node_390 (   0K) [CUDA0         ] use=1,c=1: blk.5.ssm_beta.weigh (  36K) [CUDA0         ]             node_362 (  16K) [CUDA0         ]
node #391 (   SIGMOID):             node_391 (   0K) [CUDA0         ] use=1,c=1:             node_390 (   0K) [CUDA0         ]
node #394 (GATED_DELT):             node_394 (   2M) [CUDA0         ] use=2,c=1:             node_376 (  32K) [CUDA0         ]             node_381 (  32K) [CUDA0         ]  (reshaped) (view) ( (  32K) [CUDA0         ]           (reshaped) (   0K) [CUDA0         ]           (reshaped) (   0K) [CUDA0         ]  CUDA0# (reshaped)#0 (   2M) [ NULL         ]
node #396 (      CONT):        (view) (cont) (  32K) [CUDA0         ] use=1,c=1:               (view) (  32K) [CUDA0         ]
node #398 (  RMS_NORM):             node_398 (  32K) [CUDA0         ] use=1,c=1:  (view) (cont) (resh (  32K) [CUDA0         ]
node #399 (       MUL):             node_399 (  32K) [CUDA0         ] use=1,c=1:             node_398 (  32K) [CUDA0         ] blk.5.ssm_norm.weigh (   0K) [CUDA0         ]
node #400 (   MUL_MAT):             node_400 (  32K) [CUDA0         ] use=1,c=1: blk.5.attn_gate.weig (   4M) [CUDA0         ]             node_362 (  16K) [CUDA0         ]
node #402 (      SILU):             node_402 (  32K) [CUDA0         ] use=1,c=1:           (reshaped) (  32K) [CUDA0         ]
node #403 (       MUL):             node_403 (  32K) [CUDA0         ] use=1,c=1:             node_399 (  32K) [CUDA0         ]             node_402 (  32K) [CUDA0         ]
node #405 (   MUL_MAT):             node_405 (  16K) [CUDA0         ] use=1,c=1: blk.5.ssm_out.weight (   4M) [CUDA0         ]           (reshaped) (  32K) [CUDA0         ]
node #406 (       ADD):             node_406 (  16K) [CUDA0         ] use=2,c=1:             node_359 (  16K) [CUDA0         ]             node_405 (  16K) [CUDA0         ]
node #407 (  RMS_NORM):             node_407 (  16K) [CUDA0         ] use=1,c=1:             node_406 (  16K) [CUDA0         ]
node #408 (       MUL):             node_408 (  16K) [CUDA0         ] use=5,c=1:             node_407 (  16K) [CUDA0         ] blk.5.post_attention (   8K) [CUDA0         ]
node #410 (   MUL_MAT):             node_410 (   2K) [CUDA0         ] use=1,c=1: blk.5.ffn_gate_inp.w (   2M) [CUDA0         ]             node_408 (  16K) [CUDA0         ]
node #411 (  SOFT_MAX):             node_411 (   2K) [CUDA0         ] use=2,c=1:             node_410 (   2K) [CUDA0         ]
node #412 (     TOP_K):             node_412 (   0K) [CUDA0         ] use=4,c=1:             node_411 (   2K) [CUDA0         ]
node #413 (MUL_MAT_ID):             node_413 (  32K) [CUDA0         ] use=1,c=1: blk.5.ffn_gate_exps. ( 144M) [CUDA0         ]           (reshaped) (  16K) [CUDA0         ]             node_412 (   0K) [CUDA0         ]
node #414 (      SILU):             node_414 (  32K) [CUDA0         ] use=1,c=1:             node_413 (  32K) [CUDA0         ]
node #415 (MUL_MAT_ID):             node_415 (  32K) [CUDA0         ] use=1,c=1: blk.5.ffn_up_exps.we ( 144M) [CUDA0         ]           (reshaped) (  16K) [CUDA0         ]             node_412 (   0K) [CUDA0         ]
node #416 (       MUL):             node_416 (  32K) [CUDA0         ] use=1,c=1:             node_414 (  32K) [CUDA0         ]             node_415 (  32K) [CUDA0         ]
node #417 (MUL_MAT_ID):             node_417 ( 128K) [CUDA0         ] use=1,c=1: blk.5.ffn_down_exps. ( 144M) [CUDA0         ]             node_416 (  32K) [CUDA0         ]             node_412 (   0K) [CUDA0         ]
node #419 (  GET_ROWS):             node_419 (   0K) [CUDA0         ] use=1,c=1:           (reshaped) (   2K) [CUDA0         ]             node_412 (   0K) [CUDA0         ]
node #420 (       MUL):             node_420 ( 128K) [CUDA0         ] use=1,c=1:             node_417 ( 128K) [CUDA0         ]             node_419 (   0K) [CUDA0         ]
node #422 (      CONT):    (permuted) (cont) ( 128K) [CUDA0         ] use=1,c=1:           (permuted) ( 128K) [CUDA0         ]
node #423 (  SUM_ROWS):             node_423 (  16K) [CUDA0         ] use=1,c=1:    (permuted) (cont) ( 128K) [CUDA0         ]
node #425 (   MUL_MAT):             node_425 (   4K) [CUDA0         ] use=1,c=1: blk.5.ffn_gate_shexp ( 576K) [CUDA0         ]             node_408 (  16K) [CUDA0         ]
node #426 (      SILU):             node_426 (   4K) [CUDA0         ] use=1,c=1:             node_425 (   4K) [CUDA0         ]
node #427 (   MUL_MAT):             node_427 (   4K) [CUDA0         ] use=1,c=1: blk.5.ffn_up_shexp.w ( 576K) [CUDA0         ]             node_408 (  16K) [CUDA0         ]
node #428 (       MUL):             node_428 (   4K) [CUDA0         ] use=1,c=1:             node_426 (   4K) [CUDA0         ]             node_427 (   4K) [CUDA0         ]
node #429 (   MUL_MAT):             node_429 (  16K) [CUDA0         ] use=1,c=1: blk.5.ffn_down_shexp ( 576K) [CUDA0         ]             node_428 (   4K) [CUDA0         ]
node #430 (   MUL_MAT):             node_430 (   0K) [CUDA0         ] use=1,c=1: blk.5.ffn_gate_inp_s (   8K) [CUDA0         ]             node_408 (  16K) [CUDA0         ]
node #431 (   SIGMOID):             node_431 (   0K) [CUDA0         ] use=1,c=1:             node_430 (   0K) [CUDA0         ]
node #432 (       MUL):             node_432 (  16K) [CUDA0         ] use=1,c=1:             node_429 (  16K) [CUDA0         ]             node_431 (   0K) [CUDA0         ]
node #433 (       ADD):             node_433 (  16K) [CUDA0         ] use=1,c=1:           (reshaped) (  16K) [CUDA0         ]             node_432 (  16K) [CUDA0         ]
node #434 (       ADD):             node_434 (  16K) [CUDA0         ] use=2,c=1:             node_406 (  16K) [CUDA0         ]             node_433 (  16K) [CUDA0         ]
node #436 (  RMS_NORM):             node_436 (  16K) [CUDA0         ] use=1,c=1:             node_434 (  16K) [CUDA0         ]
node #437 (       MUL):             node_437 (  16K) [CUDA0         ] use=4,c=1:             node_436 (  16K) [CUDA0         ] blk.6.attn_norm.weig (   8K) [CUDA0         ]
node #438 (   MUL_MAT):             node_438 (  64K) [CUDA0         ] use=1,c=1: blk.6.attn_qkv.weigh (   9M) [CUDA0         ]             node_437 (  16K) [CUDA0         ]
node #440 (      CONT):  (transposed) (cont) (  64K) [CUDA0         ] use=1,c=1:         (transposed) (  64K) [CUDA0         ]
node #441 (    CONCAT):             node_441 ( 160K) [CUDA0         ] use=1,c=1:  CUDA0# (reshaped)#0 (  96K) [ NULL         ]  (transposed) (cont) (  64K) [CUDA0         ]
node #443 (  SSM_CONV):             node_443 (  64K) [CUDA0         ] use=1,c=1:           (reshaped) ( 160K) [CUDA0         ] blk.6.ssm_conv1d.wei ( 128K) [CUDA0         ]
node #444 (      SILU):             node_444 (  64K) [CUDA0         ] use=1,c=1:             node_443 (  64K) [CUDA0         ]
node #447 (      CONT):  (reshaped) (view) ( (  16K) [CUDA0         ] use=1,c=1:    (reshaped) (view) (  40K) [CUDA0         ]
node #449 (   L2_NORM):             node_449 (  16K) [CUDA0         ] use=1,c=1:  (reshaped) (view) ( (  16K) [CUDA0         ]
node #450 (    REPEAT):             node_450 (  32K) [CUDA0         ] use=1,c=1:             node_449 (  16K) [CUDA0         ]
node #451 (     SCALE):             node_451 (  32K) [CUDA0         ] use=1,c=1:             node_450 (  32K) [CUDA0         ]
node #453 (      CONT):  (reshaped) (view) ( (  16K) [CUDA0         ] use=1,c=1:    (reshaped) (view) (  40K) [CUDA0         ]
node #455 (   L2_NORM):             node_455 (  16K) [CUDA0         ] use=1,c=1:  (reshaped) (view) ( (  16K) [CUDA0         ]
node #456 (    REPEAT):             node_456 (  32K) [CUDA0         ] use=1,c=1:             node_455 (  16K) [CUDA0         ]
node #458 (      CONT):  (reshaped) (view) ( (  32K) [CUDA0         ] use=1,c=1:    (reshaped) (view) (  48K) [CUDA0         ]
node #460 (   MUL_MAT):             node_460 (   0K) [CUDA0         ] use=1,c=1: blk.6.ssm_alpha.weig (  36K) [CUDA0         ]             node_437 (  16K) [CUDA0         ]
node #461 (       ADD):             node_461 (   0K) [CUDA0         ] use=1,c=1:             node_460 (   0K) [CUDA0         ]    blk.6.ssm_dt.bias (   0K) [CUDA0         ]
node #462 (  SOFTPLUS):             node_462 (   0K) [CUDA0         ] use=1,c=1:             node_461 (   0K) [CUDA0         ]
node #463 (       MUL):             node_463 (   0K) [CUDA0         ] use=1,c=1:             node_462 (   0K) [CUDA0         ]          blk.6.ssm_a (   0K) [CUDA0         ]
node #465 (   MUL_MAT):             node_465 (   0K) [CUDA0         ] use=1,c=1: blk.6.ssm_beta.weigh (  36K) [CUDA0         ]             node_437 (  16K) [CUDA0         ]
node #466 (   SIGMOID):             node_466 (   0K) [CUDA0         ] use=1,c=1:             node_465 (   0K) [CUDA0         ]
node #469 (GATED_DELT):             node_469 (   2M) [CUDA0         ] use=2,c=1:             node_451 (  32K) [CUDA0         ]             node_456 (  32K) [CUDA0         ]  (reshaped) (view) ( (  32K) [CUDA0         ]           (reshaped) (   0K) [CUDA0         ]           (reshaped) (   0K) [CUDA0         ]  CUDA0# (reshaped)#0 (   2M) [ NULL         ]
node #471 (      CONT):        (view) (cont) (  32K) [CUDA0         ] use=1,c=1:               (view) (  32K) [CUDA0         ]
node #473 (  RMS_NORM):             node_473 (  32K) [CUDA0         ] use=1,c=1:  (view) (cont) (resh (  32K) [CUDA0         ]
node #474 (       MUL):             node_474 (  32K) [CUDA0         ] use=1,c=1:             node_473 (  32K) [CUDA0         ] blk.6.ssm_norm.weigh (   0K) [CUDA0         ]
node #475 (   MUL_MAT):             node_475 (  32K) [CUDA0         ] use=1,c=1: blk.6.attn_gate.weig (   4M) [CUDA0         ]             node_437 (  16K) [CUDA0         ]
node #477 (      SILU):             node_477 (  32K) [CUDA0         ] use=1,c=1:           (reshaped) (  32K) [CUDA0         ]
node #478 (       MUL):             node_478 (  32K) [CUDA0         ] use=1,c=1:             node_474 (  32K) [CUDA0         ]             node_477 (  32K) [CUDA0         ]
node #480 (   MUL_MAT):             node_480 (  16K) [CUDA0         ] use=1,c=1: blk.6.ssm_out.weight (   4M) [CUDA0         ]           (reshaped) (  32K) [CUDA0         ]
node #481 (       ADD):             node_481 (  16K) [CUDA0         ] use=2,c=1:             node_434 (  16K) [CUDA0         ]             node_480 (  16K) [CUDA0         ]
node #482 (  RMS_NORM):             node_482 (  16K) [CUDA0         ] use=1,c=1:             node_481 (  16K) [CUDA0         ]
node #483 (       MUL):             node_483 (  16K) [CUDA0         ] use=5,c=1:             node_482 (  16K) [CUDA0         ] blk.6.post_attention (   8K) [CUDA0         ]
node #485 (   MUL_MAT):             node_485 (   2K) [CUDA0         ] use=1,c=1: blk.6.ffn_gate_inp.w (   2M) [CUDA0         ]             node_483 (  16K) [CUDA0         ]
node #486 (  SOFT_MAX):             node_486 (   2K) [CUDA0         ] use=2,c=1:             node_485 (   2K) [CUDA0         ]
node #487 (     TOP_K):             node_487 (   0K) [CUDA0         ] use=4,c=1:             node_486 (   2K) [CUDA0         ]
node #488 (MUL_MAT_ID):             node_488 (  32K) [CUDA0         ] use=1,c=1: blk.6.ffn_gate_exps. ( 144M) [CUDA0         ]           (reshaped) (  16K) [CUDA0         ]             node_487 (   0K) [CUDA0         ]
node #489 (      SILU):             node_489 (  32K) [CUDA0         ] use=1,c=1:             node_488 (  32K) [CUDA0         ]
node #490 (MUL_MAT_ID):             node_490 (  32K) [CUDA0         ] use=1,c=1: blk.6.ffn_up_exps.we ( 144M) [CUDA0         ]           (reshaped) (  16K) [CUDA0         ]             node_487 (   0K) [CUDA0         ]
node #491 (       MUL):             node_491 (  32K) [CUDA0         ] use=1,c=1:             node_489 (  32K) [CUDA0         ]             node_490 (  32K) [CUDA0         ]
node #492 (MUL_MAT_ID):             node_492 ( 128K) [CUDA0         ] use=1,c=1: blk.6.ffn_down_exps. ( 144M) [CUDA0         ]             node_491 (  32K) [CUDA0         ]             node_487 (   0K) [CUDA0         ]
node #494 (  GET_ROWS):             node_494 (   0K) [CUDA0         ] use=1,c=1:           (reshaped) (   2K) [CUDA0         ]             node_487 (   0K) [CUDA0         ]
node #495 (       MUL):             node_495 ( 128K) [CUDA0         ] use=1,c=1:             node_492 ( 128K) [CUDA0         ]             node_494 (   0K) [CUDA0         ]
node #497 (      CONT):    (permuted) (cont) ( 128K) [CUDA0         ] use=1,c=1:           (permuted) ( 128K) [CUDA0         ]
node #498 (  SUM_ROWS):             node_498 (  16K) [CUDA0         ] use=1,c=1:    (permuted) (cont) ( 128K) [CUDA0         ]
node #500 (   MUL_MAT):             node_500 (   4K) [CUDA0         ] use=1,c=1: blk.6.ffn_gate_shexp ( 576K) [CUDA0         ]             node_483 (  16K) [CUDA0         ]
node #501 (      SILU):             node_501 (   4K) [CUDA0         ] use=1,c=1:             node_500 (   4K) [CUDA0         ]
node #502 (   MUL_MAT):             node_502 (   4K) [CUDA0         ] use=1,c=1: blk.6.ffn_up_shexp.w ( 576K) [CUDA0         ]             node_483 (  16K) [CUDA0         ]
node #503 (       MUL):             node_503 (   4K) [CUDA0         ] use=1,c=1:             node_501 (   4K) [CUDA0         ]             node_502 (   4K) [CUDA0         ]
node #504 (   MUL_MAT):             node_504 (  16K) [CUDA0         ] use=1,c=1: blk.6.ffn_down_shexp ( 576K) [CUDA0         ]             node_503 (   4K) [CUDA0         ]
node #505 (   MUL_MAT):             node_505 (   0K) [CUDA0         ] use=1,c=1: blk.6.ffn_gate_inp_s (   8K) [CUDA0         ]             node_483 (  16K) [CUDA0         ]
node #506 (   SIGMOID):             node_506 (   0K) [CUDA0         ] use=1,c=1:             node_505 (   0K) [CUDA0         ]
node #507 (       MUL):             node_507 (  16K) [CUDA0         ] use=1,c=1:             node_504 (  16K) [CUDA0         ]             node_506 (   0K) [CUDA0         ]
node #508 (       ADD):             node_508 (  16K) [CUDA0         ] use=1,c=1:           (reshaped) (  16K) [CUDA0         ]             node_507 (  16K) [CUDA0         ]
node #509 (       ADD):             node_509 (  16K) [CUDA0         ] use=2,c=1:             node_481 (  16K) [CUDA0         ]             node_508 (  16K) [CUDA0         ]
node #510 (  RMS_NORM):             node_510 (  16K) [CUDA0         ] use=1,c=1:             node_509 (  16K) [CUDA0         ]
node #511 (       MUL):             node_511 (  16K) [CUDA0         ] use=3,c=1:             node_510 (  16K) [CUDA0         ] blk.7.attn_norm.weig (   8K) [CUDA0         ]
node #512 (   MUL_MAT):             node_512 (  64K) [CUDA0         ] use=1,c=1:  blk.7.attn_q.weight (   9M) [CUDA0         ]             node_511 (  16K) [CUDA0         ]
node #515 (      CONT):  (reshaped) (view) ( (  32K) [CUDA0         ] use=1,c=1:    (reshaped) (view) (  63K) [CUDA0         ]
node #516 (  RMS_NORM):             node_516 (  32K) [CUDA0         ] use=1,c=1:  (reshaped) (view) ( (  32K) [CUDA0         ]
node #517 (       MUL):             node_517 (  32K) [CUDA0         ] use=1,c=1:             node_516 (  32K) [CUDA0         ] blk.7.attn_q_norm.we (   1K) [CUDA0         ]

## SPLIT #8: CPU # 1 inputs: [node_517 (  32K)] 
node #518 (      ROPE):             node_518 (  32K) [  CPU         ] use=1,c=1:       CPU#node_517#0 (  32K) [ NULL         ]              leaf_70 (   0K) [  CPU         ]              leaf_71 (   0K) [  CPU         ]

## SPLIT #9: CUDA0 # 0 inputs
node #520 (   MUL_MAT):             node_520 (   4K) [CUDA0         ] use=1,c=1:  blk.7.attn_k.weight ( 576K) [CUDA0         ]             node_511 (  16K) [CUDA0         ]
node #522 (  RMS_NORM):             node_522 (   4K) [CUDA0         ] use=1,c=1:           (reshaped) (   4K) [CUDA0         ]
node #523 (       MUL):             node_523 (   4K) [CUDA0         ] use=1,c=1:             node_522 (   4K) [CUDA0         ] blk.7.attn_k_norm.we (   1K) [CUDA0         ]

## SPLIT #10: CPU # 1 inputs: [node_523 (   4K)] 
node #524 (      ROPE):             node_524 (   4K) [  CPU         ] use=1,c=1:       CPU#node_523#0 (   4K) [ NULL         ]              leaf_70 (   0K) [  CPU         ]              leaf_71 (   0K) [  CPU         ]
node #526 (       CPY):    (permuted) (copy) (   2K) [  CPU         ] use=2,c=1:           (permuted) (   4K) [  CPU         ]    (permuted) (copy) (   2K) [  CPU         ]

## SPLIT #11: CUDA0 # 0 inputs
node #527 (   MUL_MAT):             node_527 (   4K) [CUDA0         ] use=1,c=1:  blk.7.attn_v.weight ( 840K) [CUDA0         ]             node_511 (  16K) [CUDA0         ]
node #529 (      CONT):    (reshaped) (cont) (   4K) [CUDA0         ] use=1,c=1:           (reshaped) (   4K) [CUDA0         ]
node #531 (       CPY):  (reshaped) (cont) ( (   2K) [CUDA0         ] use=2,c=1:  (reshaped) (cont) ( (   4K) [CUDA0         ]  (reshaped) (cont) ( (   2K) [CUDA0         ]

## SPLIT #12: CPU # 1 inputs: [ (reshaped) (cont) (permuted) (copy) (   2K)] 
node #532 (       CPY):               (copy) (   0K) [  CPU         ] use=2,c=1:              leaf_75 (   0K) [  CPU         ]               (copy) (   0K) [  CPU         ]
node #533 (FLASH_ATTN):             node_533 (  32K) [  CPU         ] use=1,c=1:           (permuted) (  32K) [  CPU         ]    (permuted) (copy) (   2K) [  CPU         ] CPU# (reshaped) (con (   2K) [ NULL         ]               (copy) (   0K) [  CPU         ]

## SPLIT #13: CUDA0 # 7 inputs: [node_533 (  32K)] [ (reshaped) (  96K)] [ (reshaped) (   2M)] [ (reshaped) (  96K)] [ (reshaped) (   2M)] [ (reshaped) (  96K)] [ (reshaped) (   2M)] 
node #535 (      CONT):  (reshaped) (view) ( (  32K) [CUDA0         ] use=1,c=1:    (reshaped) (view) (  63K) [CUDA0         ]
node #536 (   SIGMOID):             node_536 (  32K) [CUDA0         ] use=1,c=1:  (reshaped) (view) ( (  32K) [CUDA0         ]
node #537 (       MUL):             node_537 (  32K) [CUDA0         ] use=1,c=1:     CUDA0#node_533#0 (  32K) [ NULL         ]             node_536 (  32K) [CUDA0         ]
node #539 (   MUL_MAT):             node_539 (  16K) [CUDA0         ] use=1,c=1: blk.7.attn_output.we (   4M) [CUDA0         ]           (reshaped) (  32K) [CUDA0         ]
node #540 (       ADD):             node_540 (  16K) [CUDA0         ] use=2,c=1:             node_509 (  16K) [CUDA0         ]             node_539 (  16K) [CUDA0         ]
node #541 (  RMS_NORM):             node_541 (  16K) [CUDA0         ] use=1,c=1:             node_540 (  16K) [CUDA0         ]
node #542 (       MUL):             node_542 (  16K) [CUDA0         ] use=5,c=1:             node_541 (  16K) [CUDA0         ] blk.7.post_attention (   8K) [CUDA0         ]
node #544 (   MUL_MAT):             node_544 (   2K) [CUDA0         ] use=1,c=1: blk.7.ffn_gate_inp.w (   2M) [CUDA0         ]             node_542 (  16K) [CUDA0         ]
node #545 (  SOFT_MAX):             node_545 (   2K) [CUDA0         ] use=2,c=1:             node_544 (   2K) [CUDA0         ]
node #546 (     TOP_K):             node_546 (   0K) [CUDA0         ] use=4,c=1:             node_545 (   2K) [CUDA0         ]
node #547 (MUL_MAT_ID):             node_547 (  32K) [CUDA0         ] use=1,c=1: blk.7.ffn_gate_exps. ( 144M) [CUDA0         ]           (reshaped) (  16K) [CUDA0         ]             node_546 (   0K) [CUDA0         ]
node #548 (      SILU):             node_548 (  32K) [CUDA0         ] use=1,c=1:             node_547 (  32K) [CUDA0         ]
node #549 (MUL_MAT_ID):             node_549 (  32K) [CUDA0         ] use=1,c=1: blk.7.ffn_up_exps.we ( 144M) [CUDA0         ]           (reshaped) (  16K) [CUDA0         ]             node_546 (   0K) [CUDA0         ]
node #550 (       MUL):             node_550 (  32K) [CUDA0         ] use=1,c=1:             node_548 (  32K) [CUDA0         ]             node_549 (  32K) [CUDA0         ]
node #551 (MUL_MAT_ID):             node_551 ( 128K) [CUDA0         ] use=1,c=1: blk.7.ffn_down_exps. ( 210M) [CUDA0         ]             node_550 (  32K) [CUDA0         ]             node_546 (   0K) [CUDA0         ]
node #553 (  GET_ROWS):             node_553 (   0K) [CUDA0         ] use=1,c=1:           (reshaped) (   2K) [CUDA0         ]             node_546 (   0K) [CUDA0         ]
node #554 (       MUL):             node_554 ( 128K) [CUDA0         ] use=1,c=1:             node_551 ( 128K) [CUDA0         ]             node_553 (   0K) [CUDA0         ]
node #556 (      CONT):    (permuted) (cont) ( 128K) [CUDA0         ] use=1,c=1:           (permuted) ( 128K) [CUDA0         ]
node #557 (  SUM_ROWS):             node_557 (  16K) [CUDA0         ] use=1,c=1:    (permuted) (cont) ( 128K) [CUDA0         ]
node #559 (   MUL_MAT):             node_559 (   4K) [CUDA0         ] use=1,c=1: blk.7.ffn_gate_shexp ( 576K) [CUDA0         ]             node_542 (  16K) [CUDA0         ]
node #560 (      SILU):             node_560 (   4K) [CUDA0         ] use=1,c=1:             node_559 (   4K) [CUDA0         ]
node #561 (   MUL_MAT):             node_561 (   4K) [CUDA0         ] use=1,c=1: blk.7.ffn_up_shexp.w ( 576K) [CUDA0         ]             node_542 (  16K) [CUDA0         ]
node #562 (       MUL):             node_562 (   4K) [CUDA0         ] use=1,c=1:             node_560 (   4K) [CUDA0         ]             node_561 (   4K) [CUDA0         ]
node #563 (   MUL_MAT):             node_563 (  16K) [CUDA0         ] use=1,c=1: blk.7.ffn_down_shexp ( 840K) [CUDA0         ]             node_562 (   4K) [CUDA0         ]
node #564 (   MUL_MAT):             node_564 (   0K) [CUDA0         ] use=1,c=1: blk.7.ffn_gate_inp_s (   8K) [CUDA0         ]             node_542 (  16K) [CUDA0         ]
node #565 (   SIGMOID):             node_565 (   0K) [CUDA0         ] use=1,c=1:             node_564 (   0K) [CUDA0         ]
node #566 (       MUL):             node_566 (  16K) [CUDA0         ] use=1,c=1:             node_563 (  16K) [CUDA0         ]             node_565 (   0K) [CUDA0         ]
node #567 (       ADD):             node_567 (  16K) [CUDA0         ] use=1,c=1:           (reshaped) (  16K) [CUDA0         ]             node_566 (  16K) [CUDA0         ]
node #568 (       ADD):             node_568 (  16K) [CUDA0         ] use=2,c=1:             node_540 (  16K) [CUDA0         ]             node_567 (  16K) [CUDA0         ]
node #570 (  RMS_NORM):             node_570 (  16K) [CUDA0         ] use=1,c=1:             node_568 (  16K) [CUDA0         ]
node #571 (       MUL):             node_571 (  16K) [CUDA0         ] use=4,c=1:             node_570 (  16K) [CUDA0         ] blk.8.attn_norm.weig (   8K) [CUDA0         ]
node #572 (   MUL_MAT):             node_572 (  64K) [CUDA0         ] use=1,c=1: blk.8.attn_qkv.weigh (   9M) [CUDA0         ]             node_571 (  16K) [CUDA0         ]
node #574 (      CONT):  (transposed) (cont) (  64K) [CUDA0         ] use=1,c=1:         (transposed) (  64K) [CUDA0         ]
node #575 (    CONCAT):             node_575 ( 160K) [CUDA0         ] use=1,c=1:  CUDA0# (reshaped)#0 (  96K) [ NULL         ]  (transposed) (cont) (  64K) [CUDA0         ]
node #577 (  SSM_CONV):             node_577 (  64K) [CUDA0         ] use=1,c=1:           (reshaped) ( 160K) [CUDA0         ] blk.8.ssm_conv1d.wei ( 128K) [CUDA0         ]
node #578 (      SILU):             node_578 (  64K) [CUDA0         ] use=1,c=1:             node_577 (  64K) [CUDA0         ]
node #581 (      CONT):  (reshaped) (view) ( (  16K) [CUDA0         ] use=1,c=1:    (reshaped) (view) (  40K) [CUDA0         ]
node #583 (   L2_NORM):             node_583 (  16K) [CUDA0         ] use=1,c=1:  (reshaped) (view) ( (  16K) [CUDA0         ]
node #584 (    REPEAT):             node_584 (  32K) [CUDA0         ] use=1,c=1:             node_583 (  16K) [CUDA0         ]
node #585 (     SCALE):             node_585 (  32K) [CUDA0         ] use=1,c=1:             node_584 (  32K) [CUDA0         ]
node #587 (      CONT):  (reshaped) (view) ( (  16K) [CUDA0         ] use=1,c=1:    (reshaped) (view) (  40K) [CUDA0         ]
node #589 (   L2_NORM):             node_589 (  16K) [CUDA0         ] use=1,c=1:  (reshaped) (view) ( (  16K) [CUDA0         ]
node #590 (    REPEAT):             node_590 (  32K) [CUDA0         ] use=1,c=1:             node_589 (  16K) [CUDA0         ]
node #592 (      CONT):  (reshaped) (view) ( (  32K) [CUDA0         ] use=1,c=1:    (reshaped) (view) (  48K) [CUDA0         ]
node #594 (   MUL_MAT):             node_594 (   0K) [CUDA0         ] use=1,c=1: blk.8.ssm_alpha.weig (  36K) [CUDA0         ]             node_571 (  16K) [CUDA0         ]
node #595 (       ADD):             node_595 (   0K) [CUDA0         ] use=1,c=1:             node_594 (   0K) [CUDA0         ]    blk.8.ssm_dt.bias (   0K) [CUDA0         ]
node #596 (  SOFTPLUS):             node_596 (   0K) [CUDA0         ] use=1,c=1:             node_595 (   0K) [CUDA0         ]
node #597 (       MUL):             node_597 (   0K) [CUDA0         ] use=1,c=1:             node_596 (   0K) [CUDA0         ]          blk.8.ssm_a (   0K) [CUDA0         ]
node #599 (   MUL_MAT):             node_599 (   0K) [CUDA0         ] use=1,c=1: blk.8.ssm_beta.weigh (  36K) [CUDA0         ]             node_571 (  16K) [CUDA0         ]
node #600 (   SIGMOID):             node_600 (   0K) [CUDA0         ] use=1,c=1:             node_599 (   0K) [CUDA0         ]
node #603 (GATED_DELT):             node_603 (   2M) [CUDA0         ] use=2,c=1:             node_585 (  32K) [CUDA0         ]             node_590 (  32K) [CUDA0         ]  (reshaped) (view) ( (  32K) [CUDA0         ]           (reshaped) (   0K) [CUDA0         ]           (reshaped) (   0K) [CUDA0         ]  CUDA0# (reshaped)#0 (   2M) [ NULL         ]
node #605 (      CONT):        (view) (cont) (  32K) [CUDA0         ] use=1,c=1:               (view) (  32K) [CUDA0         ]
node #607 (  RMS_NORM):             node_607 (  32K) [CUDA0         ] use=1,c=1:  (view) (cont) (resh (  32K) [CUDA0         ]
node #608 (       MUL):             node_608 (  32K) [CUDA0         ] use=1,c=1:             node_607 (  32K) [CUDA0         ] blk.8.ssm_norm.weigh (   0K) [CUDA0         ]
node #609 (   MUL_MAT):             node_609 (  32K) [CUDA0         ] use=1,c=1: blk.8.attn_gate.weig (   4M) [CUDA0         ]             node_571 (  16K) [CUDA0         ]
node #611 (      SILU):             node_611 (  32K) [CUDA0         ] use=1,c=1:           (reshaped) (  32K) [CUDA0         ]
node #612 (       MUL):             node_612 (  32K) [CUDA0         ] use=1,c=1:             node_608 (  32K) [CUDA0         ]             node_611 (  32K) [CUDA0         ]
node #614 (   MUL_MAT):             node_614 (  16K) [CUDA0         ] use=1,c=1: blk.8.ssm_out.weight (   4M) [CUDA0         ]           (reshaped) (  32K) [CUDA0         ]
node #615 (       ADD):             node_615 (  16K) [CUDA0         ] use=2,c=1:             node_568 (  16K) [CUDA0         ]             node_614 (  16K) [CUDA0         ]
node #616 (  RMS_NORM):             node_616 (  16K) [CUDA0         ] use=1,c=1:             node_615 (  16K) [CUDA0         ]
node #617 (       MUL):             node_617 (  16K) [CUDA0         ] use=5,c=1:             node_616 (  16K) [CUDA0         ] blk.8.post_attention (   8K) [CUDA0         ]
node #619 (   MUL_MAT):             node_619 (   2K) [CUDA0         ] use=1,c=1: blk.8.ffn_gate_inp.w (   2M) [CUDA0         ]             node_617 (  16K) [CUDA0         ]
node #620 (  SOFT_MAX):             node_620 (   2K) [CUDA0         ] use=2,c=1:             node_619 (   2K) [CUDA0         ]
node #621 (     TOP_K):             node_621 (   0K) [CUDA0         ] use=4,c=1:             node_620 (   2K) [CUDA0         ]
node #622 (MUL_MAT_ID):             node_622 (  32K) [CUDA0         ] use=1,c=1: blk.8.ffn_gate_exps. ( 144M) [CUDA0         ]           (reshaped) (  16K) [CUDA0         ]             node_621 (   0K) [CUDA0         ]
node #623 (      SILU):             node_623 (  32K) [CUDA0         ] use=1,c=1:             node_622 (  32K) [CUDA0         ]
node #624 (MUL_MAT_ID):             node_624 (  32K) [CUDA0         ] use=1,c=1: blk.8.ffn_up_exps.we ( 144M) [CUDA0         ]           (reshaped) (  16K) [CUDA0         ]             node_621 (   0K) [CUDA0         ]
node #625 (       MUL):             node_625 (  32K) [CUDA0         ] use=1,c=1:             node_623 (  32K) [CUDA0         ]             node_624 (  32K) [CUDA0         ]
node #626 (MUL_MAT_ID):             node_626 ( 128K) [CUDA0         ] use=1,c=1: blk.8.ffn_down_exps. ( 144M) [CUDA0         ]             node_625 (  32K) [CUDA0         ]             node_621 (   0K) [CUDA0         ]
node #628 (  GET_ROWS):             node_628 (   0K) [CUDA0         ] use=1,c=1:           (reshaped) (   2K) [CUDA0         ]             node_621 (   0K) [CUDA0         ]
node #629 (       MUL):             node_629 ( 128K) [CUDA0         ] use=1,c=1:             node_626 ( 128K) [CUDA0         ]             node_628 (   0K) [CUDA0         ]
node #631 (      CONT):    (permuted) (cont) ( 128K) [CUDA0         ] use=1,c=1:           (permuted) ( 128K) [CUDA0         ]
node #632 (  SUM_ROWS):             node_632 (  16K) [CUDA0         ] use=1,c=1:    (permuted) (cont) ( 128K) [CUDA0         ]
node #634 (   MUL_MAT):             node_634 (   4K) [CUDA0         ] use=1,c=1: blk.8.ffn_gate_shexp ( 576K) [CUDA0         ]             node_617 (  16K) [CUDA0         ]
node #635 (      SILU):             node_635 (   4K) [CUDA0         ] use=1,c=1:             node_634 (   4K) [CUDA0         ]
node #636 (   MUL_MAT):             node_636 (   4K) [CUDA0         ] use=1,c=1: blk.8.ffn_up_shexp.w ( 576K) [CUDA0         ]             node_617 (  16K) [CUDA0         ]
node #637 (       MUL):             node_637 (   4K) [CUDA0         ] use=1,c=1:             node_635 (   4K) [CUDA0         ]             node_636 (   4K) [CUDA0         ]
node #638 (   MUL_MAT):             node_638 (  16K) [CUDA0         ] use=1,c=1: blk.8.ffn_down_shexp ( 576K) [CUDA0         ]             node_637 (   4K) [CUDA0         ]
node #639 (   MUL_MAT):             node_639 (   0K) [CUDA0         ] use=1,c=1: blk.8.ffn_gate_inp_s (   8K) [CUDA0         ]             node_617 (  16K) [CUDA0         ]
node #640 (   SIGMOID):             node_640 (   0K) [CUDA0         ] use=1,c=1:             node_639 (   0K) [CUDA0         ]
node #641 (       MUL):             node_641 (  16K) [CUDA0         ] use=1,c=1:             node_638 (  16K) [CUDA0         ]             node_640 (   0K) [CUDA0         ]
node #642 (       ADD):             node_642 (  16K) [CUDA0         ] use=1,c=1:           (reshaped) (  16K) [CUDA0         ]             node_641 (  16K) [CUDA0         ]
node #643 (       ADD):             node_643 (  16K) [CUDA0         ] use=2,c=1:             node_615 (  16K) [CUDA0         ]             node_642 (  16K) [CUDA0         ]
node #645 (  RMS_NORM):             node_645 (  16K) [CUDA0         ] use=1,c=1:             node_643 (  16K) [CUDA0         ]
node #646 (       MUL):             node_646 (  16K) [CUDA0         ] use=4,c=1:             node_645 (  16K) [CUDA0         ] blk.9.attn_norm.weig (   8K) [CUDA0         ]
node #647 (   MUL_MAT):             node_647 (  64K) [CUDA0         ] use=1,c=1: blk.9.attn_qkv.weigh (   9M) [CUDA0         ]             node_646 (  16K) [CUDA0         ]
node #649 (      CONT):  (transposed) (cont) (  64K) [CUDA0         ] use=1,c=1:         (transposed) (  64K) [CUDA0         ]
node #650 (    CONCAT):             node_650 ( 160K) [CUDA0         ] use=1,c=1:  CUDA0# (reshaped)#0 (  96K) [ NULL         ]  (transposed) (cont) (  64K) [CUDA0         ]
node #652 (  SSM_CONV):             node_652 (  64K) [CUDA0         ] use=1,c=1:           (reshaped) ( 160K) [CUDA0         ] blk.9.ssm_conv1d.wei ( 128K) [CUDA0         ]
node #653 (      SILU):             node_653 (  64K) [CUDA0         ] use=1,c=1:             node_652 (  64K) [CUDA0         ]
node #656 (      CONT):  (reshaped) (view) ( (  16K) [CUDA0         ] use=1,c=1:    (reshaped) (view) (  40K) [CUDA0         ]
node #658 (   L2_NORM):             node_658 (  16K) [CUDA0         ] use=1,c=1:  (reshaped) (view) ( (  16K) [CUDA0         ]
node #659 (    REPEAT):             node_659 (  32K) [CUDA0         ] use=1,c=1:             node_658 (  16K) [CUDA0         ]
node #660 (     SCALE):             node_660 (  32K) [CUDA0         ] use=1,c=1:             node_659 (  32K) [CUDA0         ]
node #662 (      CONT):  (reshaped) (view) ( (  16K) [CUDA0         ] use=1,c=1:    (reshaped) (view) (  40K) [CUDA0         ]
node #664 (   L2_NORM):             node_664 (  16K) [CUDA0         ] use=1,c=1:  (reshaped) (view) ( (  16K) [CUDA0         ]
node #665 (    REPEAT):             node_665 (  32K) [CUDA0         ] use=1,c=1:             node_664 (  16K) [CUDA0         ]
node #667 (      CONT):  (reshaped) (view) ( (  32K) [CUDA0         ] use=1,c=1:    (reshaped) (view) (  48K) [CUDA0         ]
node #669 (   MUL_MAT):             node_669 (   0K) [CUDA0         ] use=1,c=1: blk.9.ssm_alpha.weig (  36K) [CUDA0         ]             node_646 (  16K) [CUDA0         ]
node #670 (       ADD):             node_670 (   0K) [CUDA0         ] use=1,c=1:             node_669 (   0K) [CUDA0         ]    blk.9.ssm_dt.bias (   0K) [CUDA0         ]
node #671 (  SOFTPLUS):             node_671 (   0K) [CUDA0         ] use=1,c=1:             node_670 (   0K) [CUDA0         ]
node #672 (       MUL):             node_672 (   0K) [CUDA0         ] use=1,c=1:             node_671 (   0K) [CUDA0         ]          blk.9.ssm_a (   0K) [CUDA0         ]
node #674 (   MUL_MAT):             node_674 (   0K) [CUDA0         ] use=1,c=1: blk.9.ssm_beta.weigh (  36K) [CUDA0         ]             node_646 (  16K) [CUDA0         ]
node #675 (   SIGMOID):             node_675 (   0K) [CUDA0         ] use=1,c=1:             node_674 (   0K) [CUDA0         ]
node #678 (GATED_DELT):             node_678 (   2M) [CUDA0         ] use=2,c=1:             node_660 (  32K) [CUDA0         ]             node_665 (  32K) [CUDA0         ]  (reshaped) (view) ( (  32K) [CUDA0         ]           (reshaped) (   0K) [CUDA0         ]           (reshaped) (   0K) [CUDA0         ]  CUDA0# (reshaped)#0 (   2M) [ NULL         ]
node #680 (      CONT):        (view) (cont) (  32K) [CUDA0         ] use=1,c=1:               (view) (  32K) [CUDA0         ]
node #682 (  RMS_NORM):             node_682 (  32K) [CUDA0         ] use=1,c=1:  (view) (cont) (resh (  32K) [CUDA0         ]
node #683 (       MUL):             node_683 (  32K) [CUDA0         ] use=1,c=1:             node_682 (  32K) [CUDA0         ] blk.9.ssm_norm.weigh (   0K) [CUDA0         ]
node #684 (   MUL_MAT):             node_684 (  32K) [CUDA0         ] use=1,c=1: blk.9.attn_gate.weig (   4M) [CUDA0         ]             node_646 (  16K) [CUDA0         ]
node #686 (      SILU):             node_686 (  32K) [CUDA0         ] use=1,c=1:           (reshaped) (  32K) [CUDA0         ]
node #687 (       MUL):             node_687 (  32K) [CUDA0         ] use=1,c=1:             node_683 (  32K) [CUDA0         ]             node_686 (  32K) [CUDA0         ]
node #689 (   MUL_MAT):             node_689 (  16K) [CUDA0         ] use=1,c=1: blk.9.ssm_out.weight (   4M) [CUDA0         ]           (reshaped) (  32K) [CUDA0         ]
node #690 (       ADD):             node_690 (  16K) [CUDA0         ] use=2,c=1:             node_643 (  16K) [CUDA0         ]             node_689 (  16K) [CUDA0         ]
node #691 (  RMS_NORM):             node_691 (  16K) [CUDA0         ] use=1,c=1:             node_690 (  16K) [CUDA0         ]
node #692 (       MUL):             node_692 (  16K) [CUDA0         ] use=5,c=1:             node_691 (  16K) [CUDA0         ] blk.9.post_attention (   8K) [CUDA0         ]
node #694 (   MUL_MAT):             node_694 (   2K) [CUDA0         ] use=1,c=1: blk.9.ffn_gate_inp.w (   2M) [CUDA0         ]             node_692 (  16K) [CUDA0         ]
node #695 (  SOFT_MAX):             node_695 (   2K) [CUDA0         ] use=2,c=1:             node_694 (   2K) [CUDA0         ]
node #696 (     TOP_K):             node_696 (   0K) [CUDA0         ] use=4,c=1:             node_695 (   2K) [CUDA0         ]
node #697 (MUL_MAT_ID):             node_697 (  32K) [CUDA0         ] use=1,c=1: blk.9.ffn_gate_exps. ( 144M) [CUDA0         ]           (reshaped) (  16K) [CUDA0         ]             node_696 (   0K) [CUDA0         ]
node #698 (      SILU):             node_698 (  32K) [CUDA0         ] use=1,c=1:             node_697 (  32K) [CUDA0         ]
node #699 (MUL_MAT_ID):             node_699 (  32K) [CUDA0         ] use=1,c=1: blk.9.ffn_up_exps.we ( 144M) [CUDA0         ]           (reshaped) (  16K) [CUDA0         ]             node_696 (   0K) [CUDA0         ]
node #700 (       MUL):             node_700 (  32K) [CUDA0         ] use=1,c=1:             node_698 (  32K) [CUDA0         ]             node_699 (  32K) [CUDA0         ]
node #701 (MUL_MAT_ID):             node_701 ( 128K) [CUDA0         ] use=1,c=1: blk.9.ffn_down_exps. ( 144M) [CUDA0         ]             node_700 (  32K) [CUDA0         ]             node_696 (   0K) [CUDA0         ]
node #703 (  GET_ROWS):             node_703 (   0K) [CUDA0         ] use=1,c=1:           (reshaped) (   2K) [CUDA0         ]             node_696 (   0K) [CUDA0         ]
node #704 (       MUL):             node_704 ( 128K) [CUDA0         ] use=1,c=1:             node_701 ( 128K) [CUDA0         ]             node_703 (   0K) [CUDA0         ]
node #706 (      CONT):    (permuted) (cont) ( 128K) [CUDA0         ] use=1,c=1:           (permuted) ( 128K) [CUDA0         ]
node #707 (  SUM_ROWS):             node_707 (  16K) [CUDA0         ] use=1,c=1:    (permuted) (cont) ( 128K) [CUDA0         ]
node #709 (   MUL_MAT):             node_709 (   4K) [CUDA0         ] use=1,c=1: blk.9.ffn_gate_shexp ( 576K) [CUDA0         ]             node_692 (  16K) [CUDA0         ]
node #710 (      SILU):             node_710 (   4K) [CUDA0         ] use=1,c=1:             node_709 (   4K) [CUDA0         ]
node #711 (   MUL_MAT):             node_711 (   4K) [CUDA0         ] use=1,c=1: blk.9.ffn_up_shexp.w ( 576K) [CUDA0         ]             node_692 (  16K) [CUDA0         ]
node #712 (       MUL):             node_712 (   4K) [CUDA0         ] use=1,c=1:             node_710 (   4K) [CUDA0         ]             node_711 (   4K) [CUDA0         ]
node #713 (   MUL_MAT):             node_713 (  16K) [CUDA0         ] use=1,c=1: blk.9.ffn_down_shexp ( 576K) [CUDA0         ]             node_712 (   4K) [CUDA0         ]
node #714 (   MUL_MAT):             node_714 (   0K) [CUDA0         ] use=1,c=1: blk.9.ffn_gate_inp_s (   8K) [CUDA0         ]             node_692 (  16K) [CUDA0         ]
node #715 (   SIGMOID):             node_715 (   0K) [CUDA0         ] use=1,c=1:             node_714 (   0K) [CUDA0         ]
node #716 (       MUL):             node_716 (  16K) [CUDA0         ] use=1,c=1:             node_713 (  16K) [CUDA0         ]             node_715 (   0K) [CUDA0         ]
node #717 (       ADD):             node_717 (  16K) [CUDA0         ] use=1,c=1:           (reshaped) (  16K) [CUDA0         ]             node_716 (  16K) [CUDA0         ]
node #718 (       ADD):             node_718 (  16K) [CUDA0         ] use=2,c=1:             node_690 (  16K) [CUDA0         ]             node_717 (  16K) [CUDA0         ]
node #720 (  RMS_NORM):             node_720 (  16K) [CUDA0         ] use=1,c=1:             node_718 (  16K) [CUDA0         ]
node #721 (       MUL):             node_721 (  16K) [CUDA0         ] use=4,c=1:             node_720 (  16K) [CUDA0         ] blk.10.attn_norm.wei (   8K) [CUDA0         ]
node #722 (   MUL_MAT):             node_722 (  64K) [CUDA0         ] use=1,c=1: blk.10.attn_qkv.weig (  13M) [CUDA0         ]             node_721 (  16K) [CUDA0         ]
node #724 (      CONT):  (transposed) (cont) (  64K) [CUDA0         ] use=1,c=1:         (transposed) (  64K) [CUDA0         ]
node #725 (    CONCAT):             node_725 ( 160K) [CUDA0         ] use=1,c=1:  CUDA0# (reshaped)#0 (  96K) [ NULL         ]  (transposed) (cont) (  64K) [CUDA0         ]
node #727 (  SSM_CONV):             node_727 (  64K) [CUDA0         ] use=1,c=1:           (reshaped) ( 160K) [CUDA0         ] blk.10.ssm_conv1d.we ( 128K) [CUDA0         ]
node #728 (      SILU):             node_728 (  64K) [CUDA0         ] use=1,c=1:             node_727 (  64K) [CUDA0         ]
node #731 (      CONT):  (reshaped) (view) ( (  16K) [CUDA0         ] use=1,c=1:    (reshaped) (view) (  40K) [CUDA0         ]
node #733 (   L2_NORM):             node_733 (  16K) [CUDA0         ] use=1,c=1:  (reshaped) (view) ( (  16K) [CUDA0         ]
node #734 (    REPEAT):             node_734 (  32K) [CUDA0         ] use=1,c=1:             node_733 (  16K) [CUDA0         ]
node #735 (     SCALE):             node_735 (  32K) [CUDA0         ] use=1,c=1:             node_734 (  32K) [CUDA0         ]
node #737 (      CONT):  (reshaped) (view) ( (  16K) [CUDA0         ] use=1,c=1:    (reshaped) (view) (  40K) [CUDA0         ]
node #739 (   L2_NORM):             node_739 (  16K) [CUDA0         ] use=1,c=1:  (reshaped) (view) ( (  16K) [CUDA0         ]
node #740 (    REPEAT):             node_740 (  32K) [CUDA0         ] use=1,c=1:             node_739 (  16K) [CUDA0         ]
node #742 (      CONT):  (reshaped) (view) ( (  32K) [CUDA0         ] use=1,c=1:    (reshaped) (view) (  48K) [CUDA0         ]
node #744 (   MUL_MAT):             node_744 (   0K) [CUDA0         ] use=1,c=1: blk.10.ssm_alpha.wei (  36K) [CUDA0         ]             node_721 (  16K) [CUDA0         ]
node #745 (       ADD):             node_745 (   0K) [CUDA0         ] use=1,c=1:             node_744 (   0K) [CUDA0         ]   blk.10.ssm_dt.bias (   0K) [CUDA0         ]
node #746 (  SOFTPLUS):             node_746 (   0K) [CUDA0         ] use=1,c=1:             node_745 (   0K) [CUDA0         ]
node #747 (       MUL):             node_747 (   0K) [CUDA0         ] use=1,c=1:             node_746 (   0K) [CUDA0         ]         blk.10.ssm_a (   0K) [CUDA0         ]
node #749 (   MUL_MAT):             node_749 (   0K) [CUDA0         ] use=1,c=1: blk.10.ssm_beta.weig (  36K) [CUDA0         ]             node_721 (  16K) [CUDA0         ]
node #750 (   SIGMOID):             node_750 (   0K) [CUDA0         ] use=1,c=1:             node_749 (   0K) [CUDA0         ]
node #753 (GATED_DELT):             node_753 (   2M) [CUDA0         ] use=2,c=1:             node_735 (  32K) [CUDA0         ]             node_740 (  32K) [CUDA0         ]  (reshaped) (view) ( (  32K) [CUDA0         ]           (reshaped) (   0K) [CUDA0         ]           (reshaped) (   0K) [CUDA0         ]  CUDA0# (reshaped)#0 (   2M) [ NULL         ]
node #755 (      CONT):        (view) (cont) (  32K) [CUDA0         ] use=1,c=1:               (view) (  32K) [CUDA0         ]
node #757 (  RMS_NORM):             node_757 (  32K) [CUDA0         ] use=1,c=1:  (view) (cont) (resh (  32K) [CUDA0         ]
node #758 (       MUL):             node_758 (  32K) [CUDA0         ] use=1,c=1:             node_757 (  32K) [CUDA0         ] blk.10.ssm_norm.weig (   0K) [CUDA0         ]
node #759 (   MUL_MAT):             node_759 (  32K) [CUDA0         ] use=1,c=1: blk.10.attn_gate.wei (   4M) [CUDA0         ]             node_721 (  16K) [CUDA0         ]
node #761 (      SILU):             node_761 (  32K) [CUDA0         ] use=1,c=1:           (reshaped) (  32K) [CUDA0         ]
node #762 (       MUL):             node_762 (  32K) [CUDA0         ] use=1,c=1:             node_758 (  32K) [CUDA0         ]             node_761 (  32K) [CUDA0         ]
node #764 (   MUL_MAT):             node_764 (  16K) [CUDA0         ] use=1,c=1: blk.10.ssm_out.weigh (   4M) [CUDA0         ]           (reshaped) (  32K) [CUDA0         ]
node #765 (       ADD):             node_765 (  16K) [CUDA0         ] use=2,c=1:             node_718 (  16K) [CUDA0         ]             node_764 (  16K) [CUDA0         ]
node #766 (  RMS_NORM):             node_766 (  16K) [CUDA0         ] use=1,c=1:             node_765 (  16K) [CUDA0         ]
node #767 (       MUL):             node_767 (  16K) [CUDA0         ] use=5,c=1:             node_766 (  16K) [CUDA0         ] blk.10.post_attentio (   8K) [CUDA0         ]
node #769 (   MUL_MAT):             node_769 (   2K) [CUDA0         ] use=1,c=1: blk.10.ffn_gate_inp. (   2M) [CUDA0         ]             node_767 (  16K) [CUDA0         ]
node #770 (  SOFT_MAX):             node_770 (   2K) [CUDA0         ] use=2,c=1:             node_769 (   2K) [CUDA0         ]
node #771 (     TOP_K):             node_771 (   0K) [CUDA0         ] use=4,c=1:             node_770 (   2K) [CUDA0         ]
node #772 (MUL_MAT_ID):             node_772 (  32K) [CUDA0         ] use=1,c=1: blk.10.ffn_gate_exps ( 144M) [CUDA0         ]           (reshaped) (  16K) [CUDA0         ]             node_771 (   0K) [CUDA0         ]
node #773 (      SILU):             node_773 (  32K) [CUDA0         ] use=1,c=1:             node_772 (  32K) [CUDA0         ]
node #774 (MUL_MAT_ID):             node_774 (  32K) [CUDA0         ] use=1,c=1: blk.10.ffn_up_exps.w ( 144M) [CUDA0         ]           (reshaped) (  16K) [CUDA0         ]             node_771 (   0K) [CUDA0         ]
node #775 (       MUL):             node_775 (  32K) [CUDA0         ] use=1,c=1:             node_773 (  32K) [CUDA0         ]             node_774 (  32K) [CUDA0         ]
node #776 (MUL_MAT_ID):             node_776 ( 128K) [CUDA0         ] use=1,c=1: blk.10.ffn_down_exps ( 210M) [CUDA0         ]             node_775 (  32K) [CUDA0         ]             node_771 (   0K) [CUDA0         ]
node #778 (  GET_ROWS):             node_778 (   0K) [CUDA0         ] use=1,c=1:           (reshaped) (   2K) [CUDA0         ]             node_771 (   0K) [CUDA0         ]
node #779 (       MUL):             node_779 ( 128K) [CUDA0         ] use=1,c=1:             node_776 ( 128K) [CUDA0         ]             node_778 (   0K) [CUDA0         ]
node #781 (      CONT):    (permuted) (cont) ( 128K) [CUDA0         ] use=1,c=1:           (permuted) ( 128K) [CUDA0         ]
node #782 (  SUM_ROWS):             node_782 (  16K) [CUDA0         ] use=1,c=1:    (permuted) (cont) ( 128K) [CUDA0         ]
node #784 (   MUL_MAT):             node_784 (   4K) [CUDA0         ] use=1,c=1: blk.10.ffn_gate_shex ( 576K) [CUDA0         ]             node_767 (  16K) [CUDA0         ]
node #785 (      SILU):             node_785 (   4K) [CUDA0         ] use=1,c=1:             node_784 (   4K) [CUDA0         ]
node #786 (   MUL_MAT):             node_786 (   4K) [CUDA0         ] use=1,c=1: blk.10.ffn_up_shexp. ( 576K) [CUDA0         ]             node_767 (  16K) [CUDA0         ]
node #787 (       MUL):             node_787 (   4K) [CUDA0         ] use=1,c=1:             node_785 (   4K) [CUDA0         ]             node_786 (   4K) [CUDA0         ]
node #788 (   MUL_MAT):             node_788 (  16K) [CUDA0         ] use=1,c=1: blk.10.ffn_down_shex ( 840K) [CUDA0         ]             node_787 (   4K) [CUDA0         ]
node #789 (   MUL_MAT):             node_789 (   0K) [CUDA0         ] use=1,c=1: blk.10.ffn_gate_inp_ (   8K) [CUDA0         ]             node_767 (  16K) [CUDA0         ]
node #790 (   SIGMOID):             node_790 (   0K) [CUDA0         ] use=1,c=1:             node_789 (   0K) [CUDA0         ]
node #791 (       MUL):             node_791 (  16K) [CUDA0         ] use=1,c=1:             node_788 (  16K) [CUDA0         ]             node_790 (   0K) [CUDA0         ]
node #792 (       ADD):             node_792 (  16K) [CUDA0         ] use=1,c=1:           (reshaped) (  16K) [CUDA0         ]             node_791 (  16K) [CUDA0         ]
node #793 (       ADD):             node_793 (  16K) [CUDA0         ] use=2,c=1:             node_765 (  16K) [CUDA0         ]             node_792 (  16K) [CUDA0         ]
node #794 (  RMS_NORM):             node_794 (  16K) [CUDA0         ] use=1,c=1:             node_793 (  16K) [CUDA0         ]
node #795 (       MUL):             node_795 (  16K) [CUDA0         ] use=3,c=1:             node_794 (  16K) [CUDA0         ] blk.11.attn_norm.wei (   8K) [CUDA0         ]
node #796 (   MUL_MAT):             node_796 (  64K) [CUDA0         ] use=1,c=1: blk.11.attn_q.weight (   9M) [CUDA0         ]             node_795 (  16K) [CUDA0         ]
node #799 (      CONT):  (reshaped) (view) ( (  32K) [CUDA0         ] use=1,c=1:    (reshaped) (view) (  63K) [CUDA0         ]
node #800 (  RMS_NORM):             node_800 (  32K) [CUDA0         ] use=1,c=1:  (reshaped) (view) ( (  32K) [CUDA0         ]
node #801 (       MUL):             node_801 (  32K) [CUDA0         ] use=1,c=1:             node_800 (  32K) [CUDA0         ] blk.11.attn_q_norm.w (   1K) [CUDA0         ]

## SPLIT #14: CPU # 1 inputs: [node_801 (  32K)] 
node #802 (      ROPE):             node_802 (  32K) [  CPU         ] use=1,c=1:       CPU#node_801#0 (  32K) [ NULL         ]              leaf_70 (   0K) [  CPU         ]              leaf_71 (   0K) [  CPU         ]

## SPLIT #15: CUDA0 # 0 inputs
node #804 (   MUL_MAT):             node_804 (   4K) [CUDA0         ] use=1,c=1: blk.11.attn_k.weight ( 576K) [CUDA0         ]             node_795 (  16K) [CUDA0         ]
node #806 (  RMS_NORM):             node_806 (   4K) [CUDA0         ] use=1,c=1:           (reshaped) (   4K) [CUDA0         ]
node #807 (       MUL):             node_807 (   4K) [CUDA0         ] use=1,c=1:             node_806 (   4K) [CUDA0         ] blk.11.attn_k_norm.w (   1K) [CUDA0         ]

## SPLIT #16: CPU # 1 inputs: [node_807 (   4K)] 
node #808 (      ROPE):             node_808 (   4K) [  CPU         ] use=1,c=1:       CPU#node_807#0 (   4K) [ NULL         ]              leaf_70 (   0K) [  CPU         ]              leaf_71 (   0K) [  CPU         ]
node #810 (       CPY):    (permuted) (copy) (   2K) [  CPU         ] use=2,c=1:           (permuted) (   4K) [  CPU         ]    (permuted) (copy) (   2K) [  CPU         ]

## SPLIT #17: CUDA0 # 0 inputs
node #811 (   MUL_MAT):             node_811 (   4K) [CUDA0         ] use=1,c=1: blk.11.attn_v.weight ( 576K) [CUDA0         ]             node_795 (  16K) [CUDA0         ]
node #813 (      CONT):    (reshaped) (cont) (   4K) [CUDA0         ] use=1,c=1:           (reshaped) (   4K) [CUDA0         ]
node #815 (       CPY):  (reshaped) (cont) ( (   2K) [CUDA0         ] use=2,c=1:  (reshaped) (cont) ( (   4K) [CUDA0         ]  (reshaped) (cont) ( (   2K) [CUDA0         ]

## SPLIT #18: CPU # 1 inputs: [ (reshaped) (cont) (permuted) (copy) (   2K)] 
node #816 (       CPY):               (copy) (   0K) [  CPU         ] use=2,c=1:              leaf_75 (   0K) [  CPU         ]               (copy) (   0K) [  CPU         ]
node #817 (FLASH_ATTN):             node_817 (  32K) [  CPU         ] use=1,c=1:           (permuted) (  32K) [  CPU         ]    (permuted) (copy) (   2K) [  CPU         ] CPU# (reshaped) (con (   2K) [ NULL         ]               (copy) (   0K) [  CPU         ]

## SPLIT #19: CUDA0 # 7 inputs: [node_817 (  32K)] [ (reshaped) (  96K)] [ (reshaped) (   2M)] [ (reshaped) (  96K)] [ (reshaped) (   2M)] [ (reshaped) (  96K)] [ (reshaped) (   2M)] 
node #819 (      CONT):  (reshaped) (view) ( (  32K) [CUDA0         ] use=1,c=1:    (reshaped) (view) (  63K) [CUDA0         ]
node #820 (   SIGMOID):             node_820 (  32K) [CUDA0         ] use=1,c=1:  (reshaped) (view) ( (  32K) [CUDA0         ]
node #821 (       MUL):             node_821 (  32K) [CUDA0         ] use=1,c=1:     CUDA0#node_817#0 (  32K) [ NULL         ]             node_820 (  32K) [CUDA0         ]
node #823 (   MUL_MAT):             node_823 (  16K) [CUDA0         ] use=1,c=1: blk.11.attn_output.w (   4M) [CUDA0         ]           (reshaped) (  32K) [CUDA0         ]
node #824 (       ADD):             node_824 (  16K) [CUDA0         ] use=2,c=1:             node_793 (  16K) [CUDA0         ]             node_823 (  16K) [CUDA0         ]
node #825 (  RMS_NORM):             node_825 (  16K) [CUDA0         ] use=1,c=1:             node_824 (  16K) [CUDA0         ]
node #826 (       MUL):             node_826 (  16K) [CUDA0         ] use=5,c=1:             node_825 (  16K) [CUDA0         ] blk.11.post_attentio (   8K) [CUDA0         ]
node #828 (   MUL_MAT):             node_828 (   2K) [CUDA0         ] use=1,c=1: blk.11.ffn_gate_inp. (   2M) [CUDA0         ]             node_826 (  16K) [CUDA0         ]
node #829 (  SOFT_MAX):             node_829 (   2K) [CUDA0         ] use=2,c=1:             node_828 (   2K) [CUDA0         ]
node #830 (     TOP_K):             node_830 (   0K) [CUDA0         ] use=4,c=1:             node_829 (   2K) [CUDA0         ]
node #831 (MUL_MAT_ID):             node_831 (  32K) [CUDA0         ] use=1,c=1: blk.11.ffn_gate_exps ( 144M) [CUDA0         ]           (reshaped) (  16K) [CUDA0         ]             node_830 (   0K) [CUDA0         ]
node #832 (      SILU):             node_832 (  32K) [CUDA0         ] use=1,c=1:             node_831 (  32K) [CUDA0         ]
node #833 (MUL_MAT_ID):             node_833 (  32K) [CUDA0         ] use=1,c=1: blk.11.ffn_up_exps.w ( 144M) [CUDA0         ]           (reshaped) (  16K) [CUDA0         ]             node_830 (   0K) [CUDA0         ]
node #834 (       MUL):             node_834 (  32K) [CUDA0         ] use=1,c=1:             node_832 (  32K) [CUDA0         ]             node_833 (  32K) [CUDA0         ]
node #835 (MUL_MAT_ID):             node_835 ( 128K) [CUDA0         ] use=1,c=1: blk.11.ffn_down_exps ( 144M) [CUDA0         ]             node_834 (  32K) [CUDA0         ]             node_830 (   0K) [CUDA0         ]
node #837 (  GET_ROWS):             node_837 (   0K) [CUDA0         ] use=1,c=1:           (reshaped) (   2K) [CUDA0         ]             node_830 (   0K) [CUDA0         ]
node #838 (       MUL):             node_838 ( 128K) [CUDA0         ] use=1,c=1:             node_835 ( 128K) [CUDA0         ]             node_837 (   0K) [CUDA0         ]
node #840 (      CONT):    (permuted) (cont) ( 128K) [CUDA0         ] use=1,c=1:           (permuted) ( 128K) [CUDA0         ]
node #841 (  SUM_ROWS):             node_841 (  16K) [CUDA0         ] use=1,c=1:    (permuted) (cont) ( 128K) [CUDA0         ]
node #843 (   MUL_MAT):             node_843 (   4K) [CUDA0         ] use=1,c=1: blk.11.ffn_gate_shex ( 576K) [CUDA0         ]             node_826 (  16K) [CUDA0         ]
node #844 (      SILU):             node_844 (   4K) [CUDA0         ] use=1,c=1:             node_843 (   4K) [CUDA0         ]
node #845 (   MUL_MAT):             node_845 (   4K) [CUDA0         ] use=1,c=1: blk.11.ffn_up_shexp. ( 576K) [CUDA0         ]             node_826 (  16K) [CUDA0         ]
node #846 (       MUL):             node_846 (   4K) [CUDA0         ] use=1,c=1:             node_844 (   4K) [CUDA0         ]             node_845 (   4K) [CUDA0         ]
node #847 (   MUL_MAT):             node_847 (  16K) [CUDA0         ] use=1,c=1: blk.11.ffn_down_shex ( 576K) [CUDA0         ]             node_846 (   4K) [CUDA0         ]
node #848 (   MUL_MAT):             node_848 (   0K) [CUDA0         ] use=1,c=1: blk.11.ffn_gate_inp_ (   8K) [CUDA0         ]             node_826 (  16K) [CUDA0         ]
node #849 (   SIGMOID):             node_849 (   0K) [CUDA0         ] use=1,c=1:             node_848 (   0K) [CUDA0         ]
node #850 (       MUL):             node_850 (  16K) [CUDA0         ] use=1,c=1:             node_847 (  16K) [CUDA0         ]             node_849 (   0K) [CUDA0         ]
node #851 (       ADD):             node_851 (  16K) [CUDA0         ] use=1,c=1:           (reshaped) (  16K) [CUDA0         ]             node_850 (  16K) [CUDA0         ]
node #852 (       ADD):             node_852 (  16K) [CUDA0         ] use=2,c=1:             node_824 (  16K) [CUDA0         ]             node_851 (  16K) [CUDA0         ]
node #854 (  RMS_NORM):             node_854 (  16K) [CUDA0         ] use=1,c=1:             node_852 (  16K) [CUDA0         ]
node #855 (       MUL):             node_855 (  16K) [CUDA0         ] use=4,c=1:             node_854 (  16K) [CUDA0         ] blk.12.attn_norm.wei (   8K) [CUDA0         ]
node #856 (   MUL_MAT):             node_856 (  64K) [CUDA0         ] use=1,c=1: blk.12.attn_qkv.weig (   9M) [CUDA0         ]             node_855 (  16K) [CUDA0         ]
node #858 (      CONT):  (transposed) (cont) (  64K) [CUDA0         ] use=1,c=1:         (transposed) (  64K) [CUDA0         ]
node #859 (    CONCAT):             node_859 ( 160K) [CUDA0         ] use=1,c=1:  CUDA0# (reshaped)#0 (  96K) [ NULL         ]  (transposed) (cont) (  64K) [CUDA0         ]
node #861 (  SSM_CONV):             node_861 (  64K) [CUDA0         ] use=1,c=1:           (reshaped) ( 160K) [CUDA0         ] blk.12.ssm_conv1d.we ( 128K) [CUDA0         ]
node #862 (      SILU):             node_862 (  64K) [CUDA0         ] use=1,c=1:             node_861 (  64K) [CUDA0         ]
node #865 (      CONT):  (reshaped) (view) ( (  16K) [CUDA0         ] use=1,c=1:    (reshaped) (view) (  40K) [CUDA0         ]
node #867 (   L2_NORM):             node_867 (  16K) [CUDA0         ] use=1,c=1:  (reshaped) (view) ( (  16K) [CUDA0         ]
node #868 (    REPEAT):             node_868 (  32K) [CUDA0         ] use=1,c=1:             node_867 (  16K) [CUDA0         ]
node #869 (     SCALE):             node_869 (  32K) [CUDA0         ] use=1,c=1:             node_868 (  32K) [CUDA0         ]
node #871 (      CONT):  (reshaped) (view) ( (  16K) [CUDA0         ] use=1,c=1:    (reshaped) (view) (  40K) [CUDA0         ]
node #873 (   L2_NORM):             node_873 (  16K) [CUDA0         ] use=1,c=1:  (reshaped) (view) ( (  16K) [CUDA0         ]
node #874 (    REPEAT):             node_874 (  32K) [CUDA0         ] use=1,c=1:             node_873 (  16K) [CUDA0         ]
node #876 (      CONT):  (reshaped) (view) ( (  32K) [CUDA0         ] use=1,c=1:    (reshaped) (view) (  48K) [CUDA0         ]
node #878 (   MUL_MAT):             node_878 (   0K) [CUDA0         ] use=1,c=1: blk.12.ssm_alpha.wei (  36K) [CUDA0         ]             node_855 (  16K) [CUDA0         ]
node #879 (       ADD):             node_879 (   0K) [CUDA0         ] use=1,c=1:             node_878 (   0K) [CUDA0         ]   blk.12.ssm_dt.bias (   0K) [CUDA0         ]
node #880 (  SOFTPLUS):             node_880 (   0K) [CUDA0         ] use=1,c=1:             node_879 (   0K) [CUDA0         ]
node #881 (       MUL):             node_881 (   0K) [CUDA0         ] use=1,c=1:             node_880 (   0K) [CUDA0         ]         blk.12.ssm_a (   0K) [CUDA0         ]
node #883 (   MUL_MAT):             node_883 (   0K) [CUDA0         ] use=1,c=1: blk.12.ssm_beta.weig (  36K) [CUDA0         ]             node_855 (  16K) [CUDA0         ]
node #884 (   SIGMOID):             node_884 (   0K) [CUDA0         ] use=1,c=1:             node_883 (   0K) [CUDA0         ]
node #887 (GATED_DELT):             node_887 (   2M) [CUDA0         ] use=2,c=1:             node_869 (  32K) [CUDA0         ]             node_874 (  32K) [CUDA0         ]  (reshaped) (view) ( (  32K) [CUDA0         ]           (reshaped) (   0K) [CUDA0         ]           (reshaped) (   0K) [CUDA0         ]  CUDA0# (reshaped)#0 (   2M) [ NULL         ]
node #889 (      CONT):        (view) (cont) (  32K) [CUDA0         ] use=1,c=1:               (view) (  32K) [CUDA0         ]
node #891 (  RMS_NORM):             node_891 (  32K) [CUDA0         ] use=1,c=1:  (view) (cont) (resh (  32K) [CUDA0         ]
node #892 (       MUL):             node_892 (  32K) [CUDA0         ] use=1,c=1:             node_891 (  32K) [CUDA0         ] blk.12.ssm_norm.weig (   0K) [CUDA0         ]
node #893 (   MUL_MAT):             node_893 (  32K) [CUDA0         ] use=1,c=1: blk.12.attn_gate.wei (   4M) [CUDA0         ]             node_855 (  16K) [CUDA0         ]
node #895 (      SILU):             node_895 (  32K) [CUDA0         ] use=1,c=1:           (reshaped) (  32K) [CUDA0         ]
node #896 (       MUL):             node_896 (  32K) [CUDA0         ] use=1,c=1:             node_892 (  32K) [CUDA0         ]             node_895 (  32K) [CUDA0         ]
node #898 (   MUL_MAT):             node_898 (  16K) [CUDA0         ] use=1,c=1: blk.12.ssm_out.weigh (   4M) [CUDA0         ]           (reshaped) (  32K) [CUDA0         ]
node #899 (       ADD):             node_899 (  16K) [CUDA0         ] use=2,c=1:             node_852 (  16K) [CUDA0         ]             node_898 (  16K) [CUDA0         ]
node #900 (  RMS_NORM):             node_900 (  16K) [CUDA0         ] use=1,c=1:             node_899 (  16K) [CUDA0         ]
node #901 (       MUL):             node_901 (  16K) [CUDA0         ] use=5,c=1:             node_900 (  16K) [CUDA0         ] blk.12.post_attentio (   8K) [CUDA0         ]
node #903 (   MUL_MAT):             node_903 (   2K) [CUDA0         ] use=1,c=1: blk.12.ffn_gate_inp. (   2M) [CUDA0         ]             node_901 (  16K) [CUDA0         ]
node #904 (  SOFT_MAX):             node_904 (   2K) [CUDA0         ] use=2,c=1:             node_903 (   2K) [CUDA0         ]
node #905 (     TOP_K):             node_905 (   0K) [CUDA0         ] use=4,c=1:             node_904 (   2K) [CUDA0         ]
node #906 (MUL_MAT_ID):             node_906 (  32K) [CUDA0         ] use=1,c=1: blk.12.ffn_gate_exps ( 144M) [CUDA0         ]           (reshaped) (  16K) [CUDA0         ]             node_905 (   0K) [CUDA0         ]
node #907 (      SILU):             node_907 (  32K) [CUDA0         ] use=1,c=1:             node_906 (  32K) [CUDA0         ]
node #908 (MUL_MAT_ID):             node_908 (  32K) [CUDA0         ] use=1,c=1: blk.12.ffn_up_exps.w ( 144M) [CUDA0         ]           (reshaped) (  16K) [CUDA0         ]             node_905 (   0K) [CUDA0         ]
node #909 (       MUL):             node_909 (  32K) [CUDA0         ] use=1,c=1:             node_907 (  32K) [CUDA0         ]             node_908 (  32K) [CUDA0         ]
node #910 (MUL_MAT_ID):             node_910 ( 128K) [CUDA0         ] use=1,c=1: blk.12.ffn_down_exps ( 144M) [CUDA0         ]             node_909 (  32K) [CUDA0         ]             node_905 (   0K) [CUDA0         ]
node #912 (  GET_ROWS):             node_912 (   0K) [CUDA0         ] use=1,c=1:           (reshaped) (   2K) [CUDA0         ]             node_905 (   0K) [CUDA0         ]
node #913 (       MUL):             node_913 ( 128K) [CUDA0         ] use=1,c=1:             node_910 ( 128K) [CUDA0         ]             node_912 (   0K) [CUDA0         ]
node #915 (      CONT):    (permuted) (cont) ( 128K) [CUDA0         ] use=1,c=1:           (permuted) ( 128K) [CUDA0         ]
node #916 (  SUM_ROWS):             node_916 (  16K) [CUDA0         ] use=1,c=1:    (permuted) (cont) ( 128K) [CUDA0         ]
node #918 (   MUL_MAT):             node_918 (   4K) [CUDA0         ] use=1,c=1: blk.12.ffn_gate_shex ( 576K) [CUDA0         ]             node_901 (  16K) [CUDA0         ]
node #919 (      SILU):             node_919 (   4K) [CUDA0         ] use=1,c=1:             node_918 (   4K) [CUDA0         ]
node #920 (   MUL_MAT):             node_920 (   4K) [CUDA0         ] use=1,c=1: blk.12.ffn_up_shexp. ( 576K) [CUDA0         ]             node_901 (  16K) [CUDA0         ]
node #921 (       MUL):             node_921 (   4K) [CUDA0         ] use=1,c=1:             node_919 (   4K) [CUDA0         ]             node_920 (   4K) [CUDA0         ]
node #922 (   MUL_MAT):             node_922 (  16K) [CUDA0         ] use=1,c=1: blk.12.ffn_down_shex ( 576K) [CUDA0         ]             node_921 (   4K) [CUDA0         ]
node #923 (   MUL_MAT):             node_923 (   0K) [CUDA0         ] use=1,c=1: blk.12.ffn_gate_inp_ (   8K) [CUDA0         ]             node_901 (  16K) [CUDA0         ]
node #924 (   SIGMOID):             node_924 (   0K) [CUDA0         ] use=1,c=1:             node_923 (   0K) [CUDA0         ]
node #925 (       MUL):             node_925 (  16K) [CUDA0         ] use=1,c=1:             node_922 (  16K) [CUDA0         ]             node_924 (   0K) [CUDA0         ]
node #926 (       ADD):             node_926 (  16K) [CUDA0         ] use=1,c=1:           (reshaped) (  16K) [CUDA0         ]             node_925 (  16K) [CUDA0         ]
node #927 (       ADD):             node_927 (  16K) [CUDA0         ] use=2,c=1:             node_899 (  16K) [CUDA0         ]             node_926 (  16K) [CUDA0         ]
node #929 (  RMS_NORM):             node_929 (  16K) [CUDA0         ] use=1,c=1:             node_927 (  16K) [CUDA0         ]
node #930 (       MUL):             node_930 (  16K) [CUDA0         ] use=4,c=1:             node_929 (  16K) [CUDA0         ] blk.13.attn_norm.wei (   8K) [CUDA0         ]
node #931 (   MUL_MAT):             node_931 (  64K) [CUDA0         ] use=1,c=1: blk.13.attn_qkv.weig (  13M) [CUDA0         ]             node_930 (  16K) [CUDA0         ]
node #933 (      CONT):  (transposed) (cont) (  64K) [CUDA0         ] use=1,c=1:         (transposed) (  64K) [CUDA0         ]
node #934 (    CONCAT):             node_934 ( 160K) [CUDA0         ] use=1,c=1:  CUDA0# (reshaped)#0 (  96K) [ NULL         ]  (transposed) (cont) (  64K) [CUDA0         ]
node #936 (  SSM_CONV):             node_936 (  64K) [CUDA0         ] use=1,c=1:           (reshaped) ( 160K) [CUDA0         ] blk.13.ssm_conv1d.we ( 128K) [CUDA0         ]
node #937 (      SILU):             node_937 (  64K) [CUDA0         ] use=1,c=1:             node_936 (  64K) [CUDA0         ]
node #940 (      CONT):  (reshaped) (view) ( (  16K) [CUDA0         ] use=1,c=1:    (reshaped) (view) (  40K) [CUDA0         ]
node #942 (   L2_NORM):             node_942 (  16K) [CUDA0         ] use=1,c=1:  (reshaped) (view) ( (  16K) [CUDA0         ]
node #943 (    REPEAT):             node_943 (  32K) [CUDA0         ] use=1,c=1:             node_942 (  16K) [CUDA0         ]
node #944 (     SCALE):             node_944 (  32K) [CUDA0         ] use=1,c=1:             node_943 (  32K) [CUDA0         ]
node #946 (      CONT):  (reshaped) (view) ( (  16K) [CUDA0         ] use=1,c=1:    (reshaped) (view) (  40K) [CUDA0         ]
node #948 (   L2_NORM):             node_948 (  16K) [CUDA0         ] use=1,c=1:  (reshaped) (view) ( (  16K) [CUDA0         ]
node #949 (    REPEAT):             node_949 (  32K) [CUDA0         ] use=1,c=1:             node_948 (  16K) [CUDA0         ]
node #951 (      CONT):  (reshaped) (view) ( (  32K) [CUDA0         ] use=1,c=1:    (reshaped) (view) (  48K) [CUDA0         ]
node #953 (   MUL_MAT):             node_953 (   0K) [CUDA0         ] use=1,c=1: blk.13.ssm_alpha.wei (  36K) [CUDA0         ]             node_930 (  16K) [CUDA0         ]
node #954 (       ADD):             node_954 (   0K) [CUDA0         ] use=1,c=1:             node_953 (   0K) [CUDA0         ]   blk.13.ssm_dt.bias (   0K) [CUDA0         ]
node #955 (  SOFTPLUS):             node_955 (   0K) [CUDA0         ] use=1,c=1:             node_954 (   0K) [CUDA0         ]
node #956 (       MUL):             node_956 (   0K) [CUDA0         ] use=1,c=1:             node_955 (   0K) [CUDA0         ]         blk.13.ssm_a (   0K) [CUDA0         ]
node #958 (   MUL_MAT):             node_958 (   0K) [CUDA0         ] use=1,c=1: blk.13.ssm_beta.weig (  36K) [CUDA0         ]             node_930 (  16K) [CUDA0         ]
node #959 (   SIGMOID):             node_959 (   0K) [CUDA0         ] use=1,c=1:             node_958 (   0K) [CUDA0         ]
node #962 (GATED_DELT):             node_962 (   2M) [CUDA0         ] use=2,c=1:             node_944 (  32K) [CUDA0         ]             node_949 (  32K) [CUDA0         ]  (reshaped) (view) ( (  32K) [CUDA0         ]           (reshaped) (   0K) [CUDA0         ]           (reshaped) (   0K) [CUDA0         ]  CUDA0# (reshaped)#0 (   2M) [ NULL         ]
node #964 (      CONT):        (view) (cont) (  32K) [CUDA0         ] use=1,c=1:               (view) (  32K) [CUDA0         ]
node #966 (  RMS_NORM):             node_966 (  32K) [CUDA0         ] use=1,c=1:  (view) (cont) (resh (  32K) [CUDA0         ]
node #967 (       MUL):             node_967 (  32K) [CUDA0         ] use=1,c=1:             node_966 (  32K) [CUDA0         ] blk.13.ssm_norm.weig (   0K) [CUDA0         ]
node #968 (   MUL_MAT):             node_968 (  32K) [CUDA0         ] use=1,c=1: blk.13.attn_gate.wei (   4M) [CUDA0         ]             node_930 (  16K) [CUDA0         ]
node #970 (      SILU):             node_970 (  32K) [CUDA0         ] use=1,c=1:           (reshaped) (  32K) [CUDA0         ]
node #971 (       MUL):             node_971 (  32K) [CUDA0         ] use=1,c=1:             node_967 (  32K) [CUDA0         ]             node_970 (  32K) [CUDA0         ]
node #973 (   MUL_MAT):             node_973 (  16K) [CUDA0         ] use=1,c=1: blk.13.ssm_out.weigh (   4M) [CUDA0         ]           (reshaped) (  32K) [CUDA0         ]
node #974 (       ADD):             node_974 (  16K) [CUDA0         ] use=2,c=1:             node_927 (  16K) [CUDA0         ]             node_973 (  16K) [CUDA0         ]
node #975 (  RMS_NORM):             node_975 (  16K) [CUDA0         ] use=1,c=1:             node_974 (  16K) [CUDA0         ]
node #976 (       MUL):             node_976 (  16K) [CUDA0         ] use=5,c=1:             node_975 (  16K) [CUDA0         ] blk.13.post_attentio (   8K) [CUDA0         ]
node #978 (   MUL_MAT):             node_978 (   2K) [CUDA0         ] use=1,c=1: blk.13.ffn_gate_inp. (   2M) [CUDA0         ]             node_976 (  16K) [CUDA0         ]
node #979 (  SOFT_MAX):             node_979 (   2K) [CUDA0         ] use=2,c=1:             node_978 (   2K) [CUDA0         ]
node #980 (     TOP_K):             node_980 (   0K) [CUDA0         ] use=4,c=1:             node_979 (   2K) [CUDA0         ]
node #981 (MUL_MAT_ID):             node_981 (  32K) [CUDA0         ] use=1,c=1: blk.13.ffn_gate_exps ( 144M) [CUDA0         ]           (reshaped) (  16K) [CUDA0         ]             node_980 (   0K) [CUDA0         ]
node #982 (      SILU):             node_982 (  32K) [CUDA0         ] use=1,c=1:             node_981 (  32K) [CUDA0         ]
node #983 (MUL_MAT_ID):             node_983 (  32K) [CUDA0         ] use=1,c=1: blk.13.ffn_up_exps.w ( 144M) [CUDA0         ]           (reshaped) (  16K) [CUDA0         ]             node_980 (   0K) [CUDA0         ]
node #984 (       MUL):             node_984 (  32K) [CUDA0         ] use=1,c=1:             node_982 (  32K) [CUDA0         ]             node_983 (  32K) [CUDA0         ]
node #985 (MUL_MAT_ID):             node_985 ( 128K) [CUDA0         ] use=1,c=1: blk.13.ffn_down_exps ( 210M) [CUDA0         ]             node_984 (  32K) [CUDA0         ]             node_980 (   0K) [CUDA0         ]
node #987 (  GET_ROWS):             node_987 (   0K) [CUDA0         ] use=1,c=1:           (reshaped) (   2K) [CUDA0         ]             node_980 (   0K) [CUDA0         ]
node #988 (       MUL):             node_988 ( 128K) [CUDA0         ] use=1,c=1:             node_985 ( 128K) [CUDA0         ]             node_987 (   0K) [CUDA0         ]
node #990 (      CONT):    (permuted) (cont) ( 128K) [CUDA0         ] use=1,c=1:           (permuted) ( 128K) [CUDA0         ]
node #991 (  SUM_ROWS):             node_991 (  16K) [CUDA0         ] use=1,c=1:    (permuted) (cont) ( 128K) [CUDA0         ]
node #993 (   MUL_MAT):             node_993 (   4K) [CUDA0         ] use=1,c=1: blk.13.ffn_gate_shex ( 576K) [CUDA0         ]             node_976 (  16K) [CUDA0         ]
node #994 (      SILU):             node_994 (   4K) [CUDA0         ] use=1,c=1:             node_993 (   4K) [CUDA0         ]
node #995 (   MUL_MAT):             node_995 (   4K) [CUDA0         ] use=1,c=1: blk.13.ffn_up_shexp. ( 576K) [CUDA0         ]             node_976 (  16K) [CUDA0         ]
node #996 (       MUL):             node_996 (   4K) [CUDA0         ] use=1,c=1:             node_994 (   4K) [CUDA0         ]             node_995 (   4K) [CUDA0         ]
node #997 (   MUL_MAT):             node_997 (  16K) [CUDA0         ] use=1,c=1: blk.13.ffn_down_shex ( 840K) [CUDA0         ]             node_996 (   4K) [CUDA0         ]
node #998 (   MUL_MAT):             node_998 (   0K) [CUDA0         ] use=1,c=1: blk.13.ffn_gate_inp_ (   8K) [CUDA0         ]             node_976 (  16K) [CUDA0         ]
node #999 (   SIGMOID):             node_999 (   0K) [CUDA0         ] use=1,c=1:             node_998 (   0K) [CUDA0         ]
node #1000 (       MUL):            node_1000 (  16K) [CUDA0         ] use=1,c=1:             node_997 (  16K) [CUDA0         ]             node_999 (   0K) [CUDA0         ]
node #1001 (       ADD):            node_1001 (  16K) [CUDA0         ] use=1,c=1:           (reshaped) (  16K) [CUDA0         ]            node_1000 (  16K) [CUDA0         ]
node #1002 (       ADD):            node_1002 (  16K) [CUDA0         ] use=2,c=1:             node_974 (  16K) [CUDA0         ]            node_1001 (  16K) [CUDA0         ]
node #1004 (  RMS_NORM):            node_1004 (  16K) [CUDA0         ] use=1,c=1:            node_1002 (  16K) [CUDA0         ]
node #1005 (       MUL):            node_1005 (  16K) [CUDA0         ] use=4,c=1:            node_1004 (  16K) [CUDA0         ] blk.14.attn_norm.wei (   8K) [CUDA0         ]
node #1006 (   MUL_MAT):            node_1006 (  64K) [CUDA0         ] use=1,c=1: blk.14.attn_qkv.weig (   9M) [CUDA0         ]            node_1005 (  16K) [CUDA0         ]
node #1008 (      CONT):  (transposed) (cont) (  64K) [CUDA0         ] use=1,c=1:         (transposed) (  64K) [CUDA0         ]
node #1009 (    CONCAT):            node_1009 ( 160K) [CUDA0         ] use=1,c=1:  CUDA0# (reshaped)#0 (  96K) [ NULL         ]  (transposed) (cont) (  64K) [CUDA0         ]
node #1011 (  SSM_CONV):            node_1011 (  64K) [CUDA0         ] use=1,c=1:           (reshaped) ( 160K) [CUDA0         ] blk.14.ssm_conv1d.we ( 128K) [CUDA0         ]
node #1012 (      SILU):            node_1012 (  64K) [CUDA0         ] use=1,c=1:            node_1011 (  64K) [CUDA0         ]
node #1015 (      CONT):  (reshaped) (view) ( (  16K) [CUDA0         ] use=1,c=1:    (reshaped) (view) (  40K) [CUDA0         ]
node #1017 (   L2_NORM):            node_1017 (  16K) [CUDA0         ] use=1,c=1:  (reshaped) (view) ( (  16K) [CUDA0         ]
node #1018 (    REPEAT):            node_1018 (  32K) [CUDA0         ] use=1,c=1:            node_1017 (  16K) [CUDA0         ]
node #1019 (     SCALE):            node_1019 (  32K) [CUDA0         ] use=1,c=1:            node_1018 (  32K) [CUDA0         ]
node #1021 (      CONT):  (reshaped) (view) ( (  16K) [CUDA0         ] use=1,c=1:    (reshaped) (view) (  40K) [CUDA0         ]
node #1023 (   L2_NORM):            node_1023 (  16K) [CUDA0         ] use=1,c=1:  (reshaped) (view) ( (  16K) [CUDA0         ]
node #1024 (    REPEAT):            node_1024 (  32K) [CUDA0         ] use=1,c=1:            node_1023 (  16K) [CUDA0         ]
node #1026 (      CONT):  (reshaped) (view) ( (  32K) [CUDA0         ] use=1,c=1:    (reshaped) (view) (  48K) [CUDA0         ]
node #1028 (   MUL_MAT):            node_1028 (   0K) [CUDA0         ] use=1,c=1: blk.14.ssm_alpha.wei (  36K) [CUDA0         ]            node_1005 (  16K) [CUDA0         ]
node #1029 (       ADD):            node_1029 (   0K) [CUDA0         ] use=1,c=1:            node_1028 (   0K) [CUDA0         ]   blk.14.ssm_dt.bias (   0K) [CUDA0         ]
node #1030 (  SOFTPLUS):            node_1030 (   0K) [CUDA0         ] use=1,c=1:            node_1029 (   0K) [CUDA0         ]
node #1031 (       MUL):            node_1031 (   0K) [CUDA0         ] use=1,c=1:            node_1030 (   0K) [CUDA0         ]         blk.14.ssm_a (   0K) [CUDA0         ]
node #1033 (   MUL_MAT):            node_1033 (   0K) [CUDA0         ] use=1,c=1: blk.14.ssm_beta.weig (  36K) [CUDA0         ]            node_1005 (  16K) [CUDA0         ]
node #1034 (   SIGMOID):            node_1034 (   0K) [CUDA0         ] use=1,c=1:            node_1033 (   0K) [CUDA0         ]
node #1037 (GATED_DELT):            node_1037 (   2M) [CUDA0         ] use=2,c=1:            node_1019 (  32K) [CUDA0         ]            node_1024 (  32K) [CUDA0         ]  (reshaped) (view) ( (  32K) [CUDA0         ]           (reshaped) (   0K) [CUDA0         ]           (reshaped) (   0K) [CUDA0         ]  CUDA0# (reshaped)#0 (   2M) [ NULL         ]
node #1039 (      CONT):        (view) (cont) (  32K) [CUDA0         ] use=1,c=1:               (view) (  32K) [CUDA0         ]
node #1041 (  RMS_NORM):            node_1041 (  32K) [CUDA0         ] use=1,c=1:  (view) (cont) (resh (  32K) [CUDA0         ]
node #1042 (       MUL):            node_1042 (  32K) [CUDA0         ] use=1,c=1:            node_1041 (  32K) [CUDA0         ] blk.14.ssm_norm.weig (   0K) [CUDA0         ]
node #1043 (   MUL_MAT):            node_1043 (  32K) [CUDA0         ] use=1,c=1: blk.14.attn_gate.wei (   4M) [CUDA0         ]            node_1005 (  16K) [CUDA0         ]
node #1045 (      SILU):            node_1045 (  32K) [CUDA0         ] use=1,c=1:           (reshaped) (  32K) [CUDA0         ]
node #1046 (       MUL):            node_1046 (  32K) [CUDA0         ] use=1,c=1:            node_1042 (  32K) [CUDA0         ]            node_1045 (  32K) [CUDA0         ]
node #1048 (   MUL_MAT):            node_1048 (  16K) [CUDA0         ] use=1,c=1: blk.14.ssm_out.weigh (   4M) [CUDA0         ]           (reshaped) (  32K) [CUDA0         ]
node #1049 (       ADD):            node_1049 (  16K) [CUDA0         ] use=2,c=1:            node_1002 (  16K) [CUDA0         ]            node_1048 (  16K) [CUDA0         ]
node #1050 (  RMS_NORM):            node_1050 (  16K) [CUDA0         ] use=1,c=1:            node_1049 (  16K) [CUDA0         ]
node #1051 (       MUL):            node_1051 (  16K) [CUDA0         ] use=5,c=1:            node_1050 (  16K) [CUDA0         ] blk.14.post_attentio (   8K) [CUDA0         ]
node #1053 (   MUL_MAT):            node_1053 (   2K) [CUDA0         ] use=1,c=1: blk.14.ffn_gate_inp. (   2M) [CUDA0         ]            node_1051 (  16K) [CUDA0         ]
node #1054 (  SOFT_MAX):            node_1054 (   2K) [CUDA0         ] use=2,c=1:            node_1053 (   2K) [CUDA0         ]
node #1055 (     TOP_K):            node_1055 (   0K) [CUDA0         ] use=4,c=1:            node_1054 (   2K) [CUDA0         ]
node #1056 (MUL_MAT_ID):            node_1056 (  32K) [CUDA0         ] use=1,c=1: blk.14.ffn_gate_exps ( 144M) [CUDA0         ]           (reshaped) (  16K) [CUDA0         ]            node_1055 (   0K) [CUDA0         ]
node #1057 (      SILU):            node_1057 (  32K) [CUDA0         ] use=1,c=1:            node_1056 (  32K) [CUDA0         ]
node #1058 (MUL_MAT_ID):            node_1058 (  32K) [CUDA0         ] use=1,c=1: blk.14.ffn_up_exps.w ( 144M) [CUDA0         ]           (reshaped) (  16K) [CUDA0         ]            node_1055 (   0K) [CUDA0         ]
node #1059 (       MUL):            node_1059 (  32K) [CUDA0         ] use=1,c=1:            node_1057 (  32K) [CUDA0         ]            node_1058 (  32K) [CUDA0         ]
node #1060 (MUL_MAT_ID):            node_1060 ( 128K) [CUDA0         ] use=1,c=1: blk.14.ffn_down_exps ( 144M) [CUDA0         ]            node_1059 (  32K) [CUDA0         ]            node_1055 (   0K) [CUDA0         ]
node #1062 (  GET_ROWS):            node_1062 (   0K) [CUDA0         ] use=1,c=1:           (reshaped) (   2K) [CUDA0         ]            node_1055 (   0K) [CUDA0         ]
node #1063 (       MUL):            node_1063 ( 128K) [CUDA0         ] use=1,c=1:            node_1060 ( 128K) [CUDA0         ]            node_1062 (   0K) [CUDA0         ]
node #1065 (      CONT):    (permuted) (cont) ( 128K) [CUDA0         ] use=1,c=1:           (permuted) ( 128K) [CUDA0         ]
node #1066 (  SUM_ROWS):            node_1066 (  16K) [CUDA0         ] use=1,c=1:    (permuted) (cont) ( 128K) [CUDA0         ]
node #1068 (   MUL_MAT):            node_1068 (   4K) [CUDA0         ] use=1,c=1: blk.14.ffn_gate_shex ( 576K) [CUDA0         ]            node_1051 (  16K) [CUDA0         ]
node #1069 (      SILU):            node_1069 (   4K) [CUDA0         ] use=1,c=1:            node_1068 (   4K) [CUDA0         ]
node #1070 (   MUL_MAT):            node_1070 (   4K) [CUDA0         ] use=1,c=1: blk.14.ffn_up_shexp. ( 576K) [CUDA0         ]            node_1051 (  16K) [CUDA0         ]
node #1071 (       MUL):            node_1071 (   4K) [CUDA0         ] use=1,c=1:            node_1069 (   4K) [CUDA0         ]            node_1070 (   4K) [CUDA0         ]
node #1072 (   MUL_MAT):            node_1072 (  16K) [CUDA0         ] use=1,c=1: blk.14.ffn_down_shex ( 576K) [CUDA0         ]            node_1071 (   4K) [CUDA0         ]
node #1073 (   MUL_MAT):            node_1073 (   0K) [CUDA0         ] use=1,c=1: blk.14.ffn_gate_inp_ (   8K) [CUDA0         ]            node_1051 (  16K) [CUDA0         ]
node #1074 (   SIGMOID):            node_1074 (   0K) [CUDA0         ] use=1,c=1:            node_1073 (   0K) [CUDA0         ]
node #1075 (       MUL):            node_1075 (  16K) [CUDA0         ] use=1,c=1:            node_1072 (  16K) [CUDA0         ]            node_1074 (   0K) [CUDA0         ]
node #1076 (       ADD):            node_1076 (  16K) [CUDA0         ] use=1,c=1:           (reshaped) (  16K) [CUDA0         ]            node_1075 (  16K) [CUDA0         ]
node #1077 (       ADD):            node_1077 (  16K) [CUDA0         ] use=2,c=1:            node_1049 (  16K) [CUDA0         ]            node_1076 (  16K) [CUDA0         ]
node #1078 (  RMS_NORM):            node_1078 (  16K) [CUDA0         ] use=1,c=1:            node_1077 (  16K) [CUDA0         ]
node #1079 (       MUL):            node_1079 (  16K) [CUDA0         ] use=3,c=1:            node_1078 (  16K) [CUDA0         ] blk.15.attn_norm.wei (   8K) [CUDA0         ]
node #1080 (   MUL_MAT):            node_1080 (  64K) [CUDA0         ] use=1,c=1: blk.15.attn_q.weight (   9M) [CUDA0         ]            node_1079 (  16K) [CUDA0         ]
node #1083 (      CONT):  (reshaped) (view) ( (  32K) [CUDA0         ] use=1,c=1:    (reshaped) (view) (  63K) [CUDA0         ]
node #1084 (  RMS_NORM):            node_1084 (  32K) [CUDA0         ] use=1,c=1:  (reshaped) (view) ( (  32K) [CUDA0         ]
node #1085 (       MUL):            node_1085 (  32K) [CUDA0         ] use=1,c=1:            node_1084 (  32K) [CUDA0         ] blk.15.attn_q_norm.w (   1K) [CUDA0         ]

## SPLIT #20: CPU # 1 inputs: [node_1085 (  32K)] 
node #1086 (      ROPE):            node_1086 (  32K) [  CPU         ] use=1,c=1:      CPU#node_1085#0 (  32K) [ NULL         ]              leaf_70 (   0K) [  CPU         ]              leaf_71 (   0K) [  CPU         ]

## SPLIT #21: CUDA0 # 0 inputs
node #1088 (   MUL_MAT):            node_1088 (   4K) [CUDA0         ] use=1,c=1: blk.15.attn_k.weight ( 576K) [CUDA0         ]            node_1079 (  16K) [CUDA0         ]
node #1090 (  RMS_NORM):            node_1090 (   4K) [CUDA0         ] use=1,c=1:           (reshaped) (   4K) [CUDA0         ]
node #1091 (       MUL):            node_1091 (   4K) [CUDA0         ] use=1,c=1:            node_1090 (   4K) [CUDA0         ] blk.15.attn_k_norm.w (   1K) [CUDA0         ]

## SPLIT #22: CPU # 1 inputs: [node_1091 (   4K)] 
node #1092 (      ROPE):            node_1092 (   4K) [  CPU         ] use=1,c=1:      CPU#node_1091#0 (   4K) [ NULL         ]              leaf_70 (   0K) [  CPU         ]              leaf_71 (   0K) [  CPU         ]
node #1094 (       CPY):    (permuted) (copy) (   2K) [  CPU         ] use=2,c=1:           (permuted) (   4K) [  CPU         ]    (permuted) (copy) (   2K) [  CPU         ]

## SPLIT #23: CUDA0 # 0 inputs
node #1095 (   MUL_MAT):            node_1095 (   4K) [CUDA0         ] use=1,c=1: blk.15.attn_v.weight ( 576K) [CUDA0         ]            node_1079 (  16K) [CUDA0         ]
node #1097 (      CONT):    (reshaped) (cont) (   4K) [CUDA0         ] use=1,c=1:           (reshaped) (   4K) [CUDA0         ]
node #1099 (       CPY):  (reshaped) (cont) ( (   2K) [CUDA0         ] use=2,c=1:  (reshaped) (cont) ( (   4K) [CUDA0         ]  (reshaped) (cont) ( (   2K) [CUDA0         ]

## SPLIT #24: CPU # 1 inputs: [ (reshaped) (cont) (permuted) (copy) (   2K)] 
node #1100 (       CPY):               (copy) (   0K) [  CPU         ] use=2,c=1:              leaf_75 (   0K) [  CPU         ]               (copy) (   0K) [  CPU         ]
node #1101 (FLASH_ATTN):            node_1101 (  32K) [  CPU         ] use=1,c=1:           (permuted) (  32K) [  CPU         ]    (permuted) (copy) (   2K) [  CPU         ] CPU# (reshaped) (con (   2K) [ NULL         ]               (copy) (   0K) [  CPU         ]

## SPLIT #25: CUDA0 # 7 inputs: [node_1101 (  32K)] [ (reshaped) (  96K)] [ (reshaped) (   2M)] [ (reshaped) (  96K)] [ (reshaped) (   2M)] [ (reshaped) (  96K)] [ (reshaped) (   2M)] 
node #1103 (      CONT):  (reshaped) (view) ( (  32K) [CUDA0         ] use=1,c=1:    (reshaped) (view) (  63K) [CUDA0         ]
node #1104 (   SIGMOID):            node_1104 (  32K) [CUDA0         ] use=1,c=1:  (reshaped) (view) ( (  32K) [CUDA0         ]
node #1105 (       MUL):            node_1105 (  32K) [CUDA0         ] use=1,c=1:    CUDA0#node_1101#0 (  32K) [ NULL         ]            node_1104 (  32K) [CUDA0         ]
node #1107 (   MUL_MAT):            node_1107 (  16K) [CUDA0         ] use=1,c=1: blk.15.attn_output.w (   4M) [CUDA0         ]           (reshaped) (  32K) [CUDA0         ]
node #1108 (       ADD):            node_1108 (  16K) [CUDA0         ] use=2,c=1:            node_1077 (  16K) [CUDA0         ]            node_1107 (  16K) [CUDA0         ]
node #1109 (  RMS_NORM):            node_1109 (  16K) [CUDA0         ] use=1,c=1:            node_1108 (  16K) [CUDA0         ]
node #1110 (       MUL):            node_1110 (  16K) [CUDA0         ] use=5,c=1:            node_1109 (  16K) [CUDA0         ] blk.15.post_attentio (   8K) [CUDA0         ]
node #1112 (   MUL_MAT):            node_1112 (   2K) [CUDA0         ] use=1,c=1: blk.15.ffn_gate_inp. (   2M) [CUDA0         ]            node_1110 (  16K) [CUDA0         ]
node #1113 (  SOFT_MAX):            node_1113 (   2K) [CUDA0         ] use=2,c=1:            node_1112 (   2K) [CUDA0         ]
node #1114 (     TOP_K):            node_1114 (   0K) [CUDA0         ] use=4,c=1:            node_1113 (   2K) [CUDA0         ]
node #1115 (MUL_MAT_ID):            node_1115 (  32K) [CUDA0         ] use=1,c=1: blk.15.ffn_gate_exps ( 144M) [CUDA0         ]           (reshaped) (  16K) [CUDA0         ]            node_1114 (   0K) [CUDA0         ]
node #1116 (      SILU):            node_1116 (  32K) [CUDA0         ] use=1,c=1:            node_1115 (  32K) [CUDA0         ]
node #1117 (MUL_MAT_ID):            node_1117 (  32K) [CUDA0         ] use=1,c=1: blk.15.ffn_up_exps.w ( 144M) [CUDA0         ]           (reshaped) (  16K) [CUDA0         ]            node_1114 (   0K) [CUDA0         ]
node #1118 (       MUL):            node_1118 (  32K) [CUDA0         ] use=1,c=1:            node_1116 (  32K) [CUDA0         ]            node_1117 (  32K) [CUDA0         ]
node #1119 (MUL_MAT_ID):            node_1119 ( 128K) [CUDA0         ] use=1,c=1: blk.15.ffn_down_exps ( 144M) [CUDA0         ]            node_1118 (  32K) [CUDA0         ]            node_1114 (   0K) [CUDA0         ]
node #1121 (  GET_ROWS):            node_1121 (   0K) [CUDA0         ] use=1,c=1:           (reshaped) (   2K) [CUDA0         ]            node_1114 (   0K) [CUDA0         ]
node #1122 (       MUL):            node_1122 ( 128K) [CUDA0         ] use=1,c=1:            node_1119 ( 128K) [CUDA0         ]            node_1121 (   0K) [CUDA0         ]
node #1124 (      CONT):    (permuted) (cont) ( 128K) [CUDA0         ] use=1,c=1:           (permuted) ( 128K) [CUDA0         ]
node #1125 (  SUM_ROWS):            node_1125 (  16K) [CUDA0         ] use=1,c=1:    (permuted) (cont) ( 128K) [CUDA0         ]
node #1127 (   MUL_MAT):            node_1127 (   4K) [CUDA0         ] use=1,c=1: blk.15.ffn_gate_shex ( 576K) [CUDA0         ]            node_1110 (  16K) [CUDA0         ]
node #1128 (      SILU):            node_1128 (   4K) [CUDA0         ] use=1,c=1:            node_1127 (   4K) [CUDA0         ]
node #1129 (   MUL_MAT):            node_1129 (   4K) [CUDA0         ] use=1,c=1: blk.15.ffn_up_shexp. ( 576K) [CUDA0         ]            node_1110 (  16K) [CUDA0         ]
node #1130 (       MUL):            node_1130 (   4K) [CUDA0         ] use=1,c=1:            node_1128 (   4K) [CUDA0         ]            node_1129 (   4K) [CUDA0         ]
node #1131 (   MUL_MAT):            node_1131 (  16K) [CUDA0         ] use=1,c=1: blk.15.ffn_down_shex ( 576K) [CUDA0         ]            node_1130 (   4K) [CUDA0         ]
node #1132 (   MUL_MAT):            node_1132 (   0K) [CUDA0         ] use=1,c=1: blk.15.ffn_gate_inp_ (   8K) [CUDA0         ]            node_1110 (  16K) [CUDA0         ]
node #1133 (   SIGMOID):            node_1133 (   0K) [CUDA0         ] use=1,c=1:            node_1132 (   0K) [CUDA0         ]
node #1134 (       MUL):            node_1134 (  16K) [CUDA0         ] use=1,c=1:            node_1131 (  16K) [CUDA0         ]            node_1133 (   0K) [CUDA0         ]
node #1135 (       ADD):            node_1135 (  16K) [CUDA0         ] use=1,c=1:           (reshaped) (  16K) [CUDA0         ]            node_1134 (  16K) [CUDA0         ]
node #1136 (       ADD):            node_1136 (  16K) [CUDA0         ] use=2,c=1:            node_1108 (  16K) [CUDA0         ]            node_1135 (  16K) [CUDA0         ]
node #1138 (  RMS_NORM):            node_1138 (  16K) [CUDA0         ] use=1,c=1:            node_1136 (  16K) [CUDA0         ]
node #1139 (       MUL):            node_1139 (  16K) [CUDA0         ] use=4,c=1:            node_1138 (  16K) [CUDA0         ] blk.16.attn_norm.wei (   8K) [CUDA0         ]
node #1140 (   MUL_MAT):            node_1140 (  64K) [CUDA0         ] use=1,c=1: blk.16.attn_qkv.weig (  13M) [CUDA0         ]            node_1139 (  16K) [CUDA0         ]
node #1142 (      CONT):  (transposed) (cont) (  64K) [CUDA0         ] use=1,c=1:         (transposed) (  64K) [CUDA0         ]
node #1143 (    CONCAT):            node_1143 ( 160K) [CUDA0         ] use=1,c=1:  CUDA0# (reshaped)#0 (  96K) [ NULL         ]  (transposed) (cont) (  64K) [CUDA0         ]
node #1145 (  SSM_CONV):            node_1145 (  64K) [CUDA0         ] use=1,c=1:           (reshaped) ( 160K) [CUDA0         ] blk.16.ssm_conv1d.we ( 128K) [CUDA0         ]
node #1146 (      SILU):            node_1146 (  64K) [CUDA0         ] use=1,c=1:            node_1145 (  64K) [CUDA0         ]
node #1149 (      CONT):  (reshaped) (view) ( (  16K) [CUDA0         ] use=1,c=1:    (reshaped) (view) (  40K) [CUDA0         ]
node #1151 (   L2_NORM):            node_1151 (  16K) [CUDA0         ] use=1,c=1:  (reshaped) (view) ( (  16K) [CUDA0         ]
node #1152 (    REPEAT):            node_1152 (  32K) [CUDA0         ] use=1,c=1:            node_1151 (  16K) [CUDA0         ]
node #1153 (     SCALE):            node_1153 (  32K) [CUDA0         ] use=1,c=1:            node_1152 (  32K) [CUDA0         ]
node #1155 (      CONT):  (reshaped) (view) ( (  16K) [CUDA0         ] use=1,c=1:    (reshaped) (view) (  40K) [CUDA0         ]
node #1157 (   L2_NORM):            node_1157 (  16K) [CUDA0         ] use=1,c=1:  (reshaped) (view) ( (  16K) [CUDA0         ]
node #1158 (    REPEAT):            node_1158 (  32K) [CUDA0         ] use=1,c=1:            node_1157 (  16K) [CUDA0         ]
node #1160 (      CONT):  (reshaped) (view) ( (  32K) [CUDA0         ] use=1,c=1:    (reshaped) (view) (  48K) [CUDA0         ]
node #1162 (   MUL_MAT):            node_1162 (   0K) [CUDA0         ] use=1,c=1: blk.16.ssm_alpha.wei (  36K) [CUDA0         ]            node_1139 (  16K) [CUDA0         ]
node #1163 (       ADD):            node_1163 (   0K) [CUDA0         ] use=1,c=1:            node_1162 (   0K) [CUDA0         ]   blk.16.ssm_dt.bias (   0K) [CUDA0         ]
node #1164 (  SOFTPLUS):            node_1164 (   0K) [CUDA0         ] use=1,c=1:            node_1163 (   0K) [CUDA0         ]
node #1165 (       MUL):            node_1165 (   0K) [CUDA0         ] use=1,c=1:            node_1164 (   0K) [CUDA0         ]         blk.16.ssm_a (   0K) [CUDA0         ]
node #1167 (   MUL_MAT):            node_1167 (   0K) [CUDA0         ] use=1,c=1: blk.16.ssm_beta.weig (  36K) [CUDA0         ]            node_1139 (  16K) [CUDA0         ]
node #1168 (   SIGMOID):            node_1168 (   0K) [CUDA0         ] use=1,c=1:            node_1167 (   0K) [CUDA0         ]
node #1171 (GATED_DELT):            node_1171 (   2M) [CUDA0         ] use=2,c=1:            node_1153 (  32K) [CUDA0         ]            node_1158 (  32K) [CUDA0         ]  (reshaped) (view) ( (  32K) [CUDA0         ]           (reshaped) (   0K) [CUDA0         ]           (reshaped) (   0K) [CUDA0         ]  CUDA0# (reshaped)#0 (   2M) [ NULL         ]
node #1173 (      CONT):        (view) (cont) (  32K) [CUDA0         ] use=1,c=1:               (view) (  32K) [CUDA0         ]
node #1175 (  RMS_NORM):            node_1175 (  32K) [CUDA0         ] use=1,c=1:  (view) (cont) (resh (  32K) [CUDA0         ]
node #1176 (       MUL):            node_1176 (  32K) [CUDA0         ] use=1,c=1:            node_1175 (  32K) [CUDA0         ] blk.16.ssm_norm.weig (   0K) [CUDA0         ]
node #1177 (   MUL_MAT):            node_1177 (  32K) [CUDA0         ] use=1,c=1: blk.16.attn_gate.wei (   4M) [CUDA0         ]            node_1139 (  16K) [CUDA0         ]
node #1179 (      SILU):            node_1179 (  32K) [CUDA0         ] use=1,c=1:           (reshaped) (  32K) [CUDA0         ]
node #1180 (       MUL):            node_1180 (  32K) [CUDA0         ] use=1,c=1:            node_1176 (  32K) [CUDA0         ]            node_1179 (  32K) [CUDA0         ]
node #1182 (   MUL_MAT):            node_1182 (  16K) [CUDA0         ] use=1,c=1: blk.16.ssm_out.weigh (   4M) [CUDA0         ]           (reshaped) (  32K) [CUDA0         ]
node #1183 (       ADD):            node_1183 (  16K) [CUDA0         ] use=2,c=1:            node_1136 (  16K) [CUDA0         ]            node_1182 (  16K) [CUDA0         ]
node #1184 (  RMS_NORM):            node_1184 (  16K) [CUDA0         ] use=1,c=1:            node_1183 (  16K) [CUDA0         ]
node #1185 (       MUL):            node_1185 (  16K) [CUDA0         ] use=5,c=1:            node_1184 (  16K) [CUDA0         ] blk.16.post_attentio (   8K) [CUDA0         ]
node #1187 (   MUL_MAT):            node_1187 (   2K) [CUDA0         ] use=1,c=1: blk.16.ffn_gate_inp. (   2M) [CUDA0         ]            node_1185 (  16K) [CUDA0         ]
node #1188 (  SOFT_MAX):            node_1188 (   2K) [CUDA0         ] use=2,c=1:            node_1187 (   2K) [CUDA0         ]
node #1189 (     TOP_K):            node_1189 (   0K) [CUDA0         ] use=4,c=1:            node_1188 (   2K) [CUDA0         ]
node #1190 (MUL_MAT_ID):            node_1190 (  32K) [CUDA0         ] use=1,c=1: blk.16.ffn_gate_exps ( 144M) [CUDA0         ]           (reshaped) (  16K) [CUDA0         ]            node_1189 (   0K) [CUDA0         ]
node #1191 (      SILU):            node_1191 (  32K) [CUDA0         ] use=1,c=1:            node_1190 (  32K) [CUDA0         ]
node #1192 (MUL_MAT_ID):            node_1192 (  32K) [CUDA0         ] use=1,c=1: blk.16.ffn_up_exps.w ( 144M) [CUDA0         ]           (reshaped) (  16K) [CUDA0         ]            node_1189 (   0K) [CUDA0         ]
node #1193 (       MUL):            node_1193 (  32K) [CUDA0         ] use=1,c=1:            node_1191 (  32K) [CUDA0         ]            node_1192 (  32K) [CUDA0         ]
node #1194 (MUL_MAT_ID):            node_1194 ( 128K) [CUDA0         ] use=1,c=1: blk.16.ffn_down_exps ( 210M) [CUDA0         ]            node_1193 (  32K) [CUDA0         ]            node_1189 (   0K) [CUDA0         ]
node #1196 (  GET_ROWS):            node_1196 (   0K) [CUDA0         ] use=1,c=1:           (reshaped) (   2K) [CUDA0         ]            node_1189 (   0K) [CUDA0         ]
node #1197 (       MUL):            node_1197 ( 128K) [CUDA0         ] use=1,c=1:            node_1194 ( 128K) [CUDA0         ]            node_1196 (   0K) [CUDA0         ]
node #1199 (      CONT):    (permuted) (cont) ( 128K) [CUDA0         ] use=1,c=1:           (permuted) ( 128K) [CUDA0         ]
node #1200 (  SUM_ROWS):            node_1200 (  16K) [CUDA0         ] use=1,c=1:    (permuted) (cont) ( 128K) [CUDA0         ]
node #1202 (   MUL_MAT):            node_1202 (   4K) [CUDA0         ] use=1,c=1: blk.16.ffn_gate_shex ( 576K) [CUDA0         ]            node_1185 (  16K) [CUDA0         ]
node #1203 (      SILU):            node_1203 (   4K) [CUDA0         ] use=1,c=1:            node_1202 (   4K) [CUDA0         ]
node #1204 (   MUL_MAT):            node_1204 (   4K) [CUDA0         ] use=1,c=1: blk.16.ffn_up_shexp. ( 576K) [CUDA0         ]            node_1185 (  16K) [CUDA0         ]
node #1205 (       MUL):            node_1205 (   4K) [CUDA0         ] use=1,c=1:            node_1203 (   4K) [CUDA0         ]            node_1204 (   4K) [CUDA0         ]
node #1206 (   MUL_MAT):            node_1206 (  16K) [CUDA0         ] use=1,c=1: blk.16.ffn_down_shex ( 840K) [CUDA0         ]            node_1205 (   4K) [CUDA0         ]
node #1207 (   MUL_MAT):            node_1207 (   0K) [CUDA0         ] use=1,c=1: blk.16.ffn_gate_inp_ (   8K) [CUDA0         ]            node_1185 (  16K) [CUDA0         ]
node #1208 (   SIGMOID):            node_1208 (   0K) [CUDA0         ] use=1,c=1:            node_1207 (   0K) [CUDA0         ]
node #1209 (       MUL):            node_1209 (  16K) [CUDA0         ] use=1,c=1:            node_1206 (  16K) [CUDA0         ]            node_1208 (   0K) [CUDA0         ]
node #1210 (       ADD):            node_1210 (  16K) [CUDA0         ] use=1,c=1:           (reshaped) (  16K) [CUDA0         ]            node_1209 (  16K) [CUDA0         ]
node #1211 (       ADD):            node_1211 (  16K) [CUDA0         ] use=2,c=1:            node_1183 (  16K) [CUDA0         ]            node_1210 (  16K) [CUDA0         ]
node #1213 (  RMS_NORM):            node_1213 (  16K) [CUDA0         ] use=1,c=1:            node_1211 (  16K) [CUDA0         ]
node #1214 (       MUL):            node_1214 (  16K) [CUDA0         ] use=4,c=1:            node_1213 (  16K) [CUDA0         ] blk.17.attn_norm.wei (   8K) [CUDA0         ]
node #1215 (   MUL_MAT):            node_1215 (  64K) [CUDA0         ] use=1,c=1: blk.17.attn_qkv.weig (   9M) [CUDA0         ]            node_1214 (  16K) [CUDA0         ]
node #1217 (      CONT):  (transposed) (cont) (  64K) [CUDA0         ] use=1,c=1:         (transposed) (  64K) [CUDA0         ]
node #1218 (    CONCAT):            node_1218 ( 160K) [CUDA0         ] use=1,c=1:  CUDA0# (reshaped)#0 (  96K) [ NULL         ]  (transposed) (cont) (  64K) [CUDA0         ]
node #1220 (  SSM_CONV):            node_1220 (  64K) [CUDA0         ] use=1,c=1:           (reshaped) ( 160K) [CUDA0         ] blk.17.ssm_conv1d.we ( 128K) [CUDA0         ]
node #1221 (      SILU):            node_1221 (  64K) [CUDA0         ] use=1,c=1:            node_1220 (  64K) [CUDA0         ]
node #1224 (      CONT):  (reshaped) (view) ( (  16K) [CUDA0         ] use=1,c=1:    (reshaped) (view) (  40K) [CUDA0         ]
node #1226 (   L2_NORM):            node_1226 (  16K) [CUDA0         ] use=1,c=1:  (reshaped) (view) ( (  16K) [CUDA0         ]
node #1227 (    REPEAT):            node_1227 (  32K) [CUDA0         ] use=1,c=1:            node_1226 (  16K) [CUDA0         ]
node #1228 (     SCALE):            node_1228 (  32K) [CUDA0         ] use=1,c=1:            node_1227 (  32K) [CUDA0         ]
node #1230 (      CONT):  (reshaped) (view) ( (  16K) [CUDA0         ] use=1,c=1:    (reshaped) (view) (  40K) [CUDA0         ]
node #1232 (   L2_NORM):            node_1232 (  16K) [CUDA0         ] use=1,c=1:  (reshaped) (view) ( (  16K) [CUDA0         ]
node #1233 (    REPEAT):            node_1233 (  32K) [CUDA0         ] use=1,c=1:            node_1232 (  16K) [CUDA0         ]
node #1235 (      CONT):  (reshaped) (view) ( (  32K) [CUDA0         ] use=1,c=1:    (reshaped) (view) (  48K) [CUDA0         ]
node #1237 (   MUL_MAT):            node_1237 (   0K) [CUDA0         ] use=1,c=1: blk.17.ssm_alpha.wei (  36K) [CUDA0         ]            node_1214 (  16K) [CUDA0         ]
node #1238 (       ADD):            node_1238 (   0K) [CUDA0         ] use=1,c=1:            node_1237 (   0K) [CUDA0         ]   blk.17.ssm_dt.bias (   0K) [CUDA0         ]
node #1239 (  SOFTPLUS):            node_1239 (   0K) [CUDA0         ] use=1,c=1:            node_1238 (   0K) [CUDA0         ]
node #1240 (       MUL):            node_1240 (   0K) [CUDA0         ] use=1,c=1:            node_1239 (   0K) [CUDA0         ]         blk.17.ssm_a (   0K) [CUDA0         ]
node #1242 (   MUL_MAT):            node_1242 (   0K) [CUDA0         ] use=1,c=1: blk.17.ssm_beta.weig (  36K) [CUDA0         ]            node_1214 (  16K) [CUDA0         ]
node #1243 (   SIGMOID):            node_1243 (   0K) [CUDA0         ] use=1,c=1:            node_1242 (   0K) [CUDA0         ]
node #1246 (GATED_DELT):            node_1246 (   2M) [CUDA0         ] use=2,c=1:            node_1228 (  32K) [CUDA0         ]            node_1233 (  32K) [CUDA0         ]  (reshaped) (view) ( (  32K) [CUDA0         ]           (reshaped) (   0K) [CUDA0         ]           (reshaped) (   0K) [CUDA0         ]  CUDA0# (reshaped)#0 (   2M) [ NULL         ]
node #1248 (      CONT):        (view) (cont) (  32K) [CUDA0         ] use=1,c=1:               (view) (  32K) [CUDA0         ]
node #1250 (  RMS_NORM):            node_1250 (  32K) [CUDA0         ] use=1,c=1:  (view) (cont) (resh (  32K) [CUDA0         ]
node #1251 (       MUL):            node_1251 (  32K) [CUDA0         ] use=1,c=1:            node_1250 (  32K) [CUDA0         ] blk.17.ssm_norm.weig (   0K) [CUDA0         ]
node #1252 (   MUL_MAT):            node_1252 (  32K) [CUDA0         ] use=1,c=1: blk.17.attn_gate.wei (   4M) [CUDA0         ]            node_1214 (  16K) [CUDA0         ]
node #1254 (      SILU):            node_1254 (  32K) [CUDA0         ] use=1,c=1:           (reshaped) (  32K) [CUDA0         ]
node #1255 (       MUL):            node_1255 (  32K) [CUDA0         ] use=1,c=1:            node_1251 (  32K) [CUDA0         ]            node_1254 (  32K) [CUDA0         ]
node #1257 (   MUL_MAT):            node_1257 (  16K) [CUDA0         ] use=1,c=1: blk.17.ssm_out.weigh (   4M) [CUDA0         ]           (reshaped) (  32K) [CUDA0         ]
node #1258 (       ADD):            node_1258 (  16K) [CUDA0         ] use=2,c=1:            node_1211 (  16K) [CUDA0         ]            node_1257 (  16K) [CUDA0         ]
node #1259 (  RMS_NORM):            node_1259 (  16K) [CUDA0         ] use=1,c=1:            node_1258 (  16K) [CUDA0         ]
node #1260 (       MUL):            node_1260 (  16K) [CUDA0         ] use=5,c=1:            node_1259 (  16K) [CUDA0         ] blk.17.post_attentio (   8K) [CUDA0         ]
node #1262 (   MUL_MAT):            node_1262 (   2K) [CUDA0         ] use=1,c=1: blk.17.ffn_gate_inp. (   2M) [CUDA0         ]            node_1260 (  16K) [CUDA0         ]
node #1263 (  SOFT_MAX):            node_1263 (   2K) [CUDA0         ] use=2,c=1:            node_1262 (   2K) [CUDA0         ]
node #1264 (     TOP_K):            node_1264 (   0K) [CUDA0         ] use=4,c=1:            node_1263 (   2K) [CUDA0         ]
node #1265 (MUL_MAT_ID):            node_1265 (  32K) [CUDA0         ] use=1,c=1: blk.17.ffn_gate_exps ( 144M) [CUDA0         ]           (reshaped) (  16K) [CUDA0         ]            node_1264 (   0K) [CUDA0         ]
node #1266 (      SILU):            node_1266 (  32K) [CUDA0         ] use=1,c=1:            node_1265 (  32K) [CUDA0         ]
node #1267 (MUL_MAT_ID):            node_1267 (  32K) [CUDA0         ] use=1,c=1: blk.17.ffn_up_exps.w ( 144M) [CUDA0         ]           (reshaped) (  16K) [CUDA0         ]            node_1264 (   0K) [CUDA0         ]
node #1268 (       MUL):            node_1268 (  32K) [CUDA0         ] use=1,c=1:            node_1266 (  32K) [CUDA0         ]            node_1267 (  32K) [CUDA0         ]
node #1269 (MUL_MAT_ID):            node_1269 ( 128K) [CUDA0         ] use=1,c=1: blk.17.ffn_down_exps ( 144M) [CUDA0         ]            node_1268 (  32K) [CUDA0         ]            node_1264 (   0K) [CUDA0         ]
node #1271 (  GET_ROWS):            node_1271 (   0K) [CUDA0         ] use=1,c=1:           (reshaped) (   2K) [CUDA0         ]            node_1264 (   0K) [CUDA0         ]
node #1272 (       MUL):            node_1272 ( 128K) [CUDA0         ] use=1,c=1:            node_1269 ( 128K) [CUDA0         ]            node_1271 (   0K) [CUDA0         ]
node #1274 (      CONT):    (permuted) (cont) ( 128K) [CUDA0         ] use=1,c=1:           (permuted) ( 128K) [CUDA0         ]
node #1275 (  SUM_ROWS):            node_1275 (  16K) [CUDA0         ] use=1,c=1:    (permuted) (cont) ( 128K) [CUDA0         ]
node #1277 (   MUL_MAT):            node_1277 (   4K) [CUDA0         ] use=1,c=1: blk.17.ffn_gate_shex ( 576K) [CUDA0         ]            node_1260 (  16K) [CUDA0         ]
node #1278 (      SILU):            node_1278 (   4K) [CUDA0         ] use=1,c=1:            node_1277 (   4K) [CUDA0         ]
node #1279 (   MUL_MAT):            node_1279 (   4K) [CUDA0         ] use=1,c=1: blk.17.ffn_up_shexp. ( 576K) [CUDA0         ]            node_1260 (  16K) [CUDA0         ]
node #1280 (       MUL):            node_1280 (   4K) [CUDA0         ] use=1,c=1:            node_1278 (   4K) [CUDA0         ]            node_1279 (   4K) [CUDA0         ]
node #1281 (   MUL_MAT):            node_1281 (  16K) [CUDA0         ] use=1,c=1: blk.17.ffn_down_shex ( 576K) [CUDA0         ]            node_1280 (   4K) [CUDA0         ]
node #1282 (   MUL_MAT):            node_1282 (   0K) [CUDA0         ] use=1,c=1: blk.17.ffn_gate_inp_ (   8K) [CUDA0         ]            node_1260 (  16K) [CUDA0         ]
node #1283 (   SIGMOID):            node_1283 (   0K) [CUDA0         ] use=1,c=1:            node_1282 (   0K) [CUDA0         ]
node #1284 (       MUL):            node_1284 (  16K) [CUDA0         ] use=1,c=1:            node_1281 (  16K) [CUDA0         ]            node_1283 (   0K) [CUDA0         ]
node #1285 (       ADD):            node_1285 (  16K) [CUDA0         ] use=1,c=1:           (reshaped) (  16K) [CUDA0         ]            node_1284 (  16K) [CUDA0         ]
node #1286 (       ADD):            node_1286 (  16K) [CUDA0         ] use=2,c=1:            node_1258 (  16K) [CUDA0         ]            node_1285 (  16K) [CUDA0         ]
node #1288 (  RMS_NORM):            node_1288 (  16K) [CUDA0         ] use=1,c=1:            node_1286 (  16K) [CUDA0         ]
node #1289 (       MUL):            node_1289 (  16K) [CUDA0         ] use=4,c=1:            node_1288 (  16K) [CUDA0         ] blk.18.attn_norm.wei (   8K) [CUDA0         ]
node #1290 (   MUL_MAT):            node_1290 (  64K) [CUDA0         ] use=1,c=1: blk.18.attn_qkv.weig (   9M) [CUDA0         ]            node_1289 (  16K) [CUDA0         ]
node #1292 (      CONT):  (transposed) (cont) (  64K) [CUDA0         ] use=1,c=1:         (transposed) (  64K) [CUDA0         ]
node #1293 (    CONCAT):            node_1293 ( 160K) [CUDA0         ] use=1,c=1:  CUDA0# (reshaped)#0 (  96K) [ NULL         ]  (transposed) (cont) (  64K) [CUDA0         ]
node #1295 (  SSM_CONV):            node_1295 (  64K) [CUDA0         ] use=1,c=1:           (reshaped) ( 160K) [CUDA0         ] blk.18.ssm_conv1d.we ( 128K) [CUDA0         ]
node #1296 (      SILU):            node_1296 (  64K) [CUDA0         ] use=1,c=1:            node_1295 (  64K) [CUDA0         ]
node #1299 (      CONT):  (reshaped) (view) ( (  16K) [CUDA0         ] use=1,c=1:    (reshaped) (view) (  40K) [CUDA0         ]
node #1301 (   L2_NORM):            node_1301 (  16K) [CUDA0         ] use=1,c=1:  (reshaped) (view) ( (  16K) [CUDA0         ]
node #1302 (    REPEAT):            node_1302 (  32K) [CUDA0         ] use=1,c=1:            node_1301 (  16K) [CUDA0         ]
node #1303 (     SCALE):            node_1303 (  32K) [CUDA0         ] use=1,c=1:            node_1302 (  32K) [CUDA0         ]
node #1305 (      CONT):  (reshaped) (view) ( (  16K) [CUDA0         ] use=1,c=1:    (reshaped) (view) (  40K) [CUDA0         ]
node #1307 (   L2_NORM):            node_1307 (  16K) [CUDA0         ] use=1,c=1:  (reshaped) (view) ( (  16K) [CUDA0         ]
node #1308 (    REPEAT):            node_1308 (  32K) [CUDA0         ] use=1,c=1:            node_1307 (  16K) [CUDA0         ]
node #1310 (      CONT):  (reshaped) (view) ( (  32K) [CUDA0         ] use=1,c=1:    (reshaped) (view) (  48K) [CUDA0         ]
node #1312 (   MUL_MAT):            node_1312 (   0K) [CUDA0         ] use=1,c=1: blk.18.ssm_alpha.wei (  36K) [CUDA0         ]            node_1289 (  16K) [CUDA0         ]
node #1313 (       ADD):            node_1313 (   0K) [CUDA0         ] use=1,c=1:            node_1312 (   0K) [CUDA0         ]   blk.18.ssm_dt.bias (   0K) [CUDA0         ]
node #1314 (  SOFTPLUS):            node_1314 (   0K) [CUDA0         ] use=1,c=1:            node_1313 (   0K) [CUDA0         ]
node #1315 (       MUL):            node_1315 (   0K) [CUDA0         ] use=1,c=1:            node_1314 (   0K) [CUDA0         ]         blk.18.ssm_a (   0K) [CUDA0         ]
node #1317 (   MUL_MAT):            node_1317 (   0K) [CUDA0         ] use=1,c=1: blk.18.ssm_beta.weig (  36K) [CUDA0         ]            node_1289 (  16K) [CUDA0         ]
node #1318 (   SIGMOID):            node_1318 (   0K) [CUDA0         ] use=1,c=1:            node_1317 (   0K) [CUDA0         ]
node #1321 (GATED_DELT):            node_1321 (   2M) [CUDA0         ] use=2,c=1:            node_1303 (  32K) [CUDA0         ]            node_1308 (  32K) [CUDA0         ]  (reshaped) (view) ( (  32K) [CUDA0         ]           (reshaped) (   0K) [CUDA0         ]           (reshaped) (   0K) [CUDA0         ]  CUDA0# (reshaped)#0 (   2M) [ NULL         ]
node #1323 (      CONT):        (view) (cont) (  32K) [CUDA0         ] use=1,c=1:               (view) (  32K) [CUDA0         ]
node #1325 (  RMS_NORM):            node_1325 (  32K) [CUDA0         ] use=1,c=1:  (view) (cont) (resh (  32K) [CUDA0         ]
node #1326 (       MUL):            node_1326 (  32K) [CUDA0         ] use=1,c=1:            node_1325 (  32K) [CUDA0         ] blk.18.ssm_norm.weig (   0K) [CUDA0         ]
node #1327 (   MUL_MAT):            node_1327 (  32K) [CUDA0         ] use=1,c=1: blk.18.attn_gate.wei (   4M) [CUDA0         ]            node_1289 (  16K) [CUDA0         ]
node #1329 (      SILU):            node_1329 (  32K) [CUDA0         ] use=1,c=1:           (reshaped) (  32K) [CUDA0         ]
node #1330 (       MUL):            node_1330 (  32K) [CUDA0         ] use=1,c=1:            node_1326 (  32K) [CUDA0         ]            node_1329 (  32K) [CUDA0         ]
node #1332 (   MUL_MAT):            node_1332 (  16K) [CUDA0         ] use=1,c=1: blk.18.ssm_out.weigh (   4M) [CUDA0         ]           (reshaped) (  32K) [CUDA0         ]
node #1333 (       ADD):            node_1333 (  16K) [CUDA0         ] use=2,c=1:            node_1286 (  16K) [CUDA0         ]            node_1332 (  16K) [CUDA0         ]
node #1334 (  RMS_NORM):            node_1334 (  16K) [CUDA0         ] use=1,c=1:            node_1333 (  16K) [CUDA0         ]
node #1335 (       MUL):            node_1335 (  16K) [CUDA0         ] use=5,c=1:            node_1334 (  16K) [CUDA0         ] blk.18.post_attentio (   8K) [CUDA0         ]
node #1337 (   MUL_MAT):            node_1337 (   2K) [CUDA0         ] use=1,c=1: blk.18.ffn_gate_inp. (   2M) [CUDA0         ]            node_1335 (  16K) [CUDA0         ]
node #1338 (  SOFT_MAX):            node_1338 (   2K) [CUDA0         ] use=2,c=1:            node_1337 (   2K) [CUDA0         ]
node #1339 (     TOP_K):            node_1339 (   0K) [CUDA0         ] use=4,c=1:            node_1338 (   2K) [CUDA0         ]
node #1340 (MUL_MAT_ID):            node_1340 (  32K) [CUDA0         ] use=1,c=1: blk.18.ffn_gate_exps ( 144M) [CUDA0         ]           (reshaped) (  16K) [CUDA0         ]            node_1339 (   0K) [CUDA0         ]
node #1341 (      SILU):            node_1341 (  32K) [CUDA0         ] use=1,c=1:            node_1340 (  32K) [CUDA0         ]
node #1342 (MUL_MAT_ID):            node_1342 (  32K) [CUDA0         ] use=1,c=1: blk.18.ffn_up_exps.w ( 144M) [CUDA0         ]           (reshaped) (  16K) [CUDA0         ]            node_1339 (   0K) [CUDA0         ]
node #1343 (       MUL):            node_1343 (  32K) [CUDA0         ] use=1,c=1:            node_1341 (  32K) [CUDA0         ]            node_1342 (  32K) [CUDA0         ]
node #1344 (MUL_MAT_ID):            node_1344 ( 128K) [CUDA0         ] use=1,c=1: blk.18.ffn_down_exps ( 144M) [CUDA0         ]            node_1343 (  32K) [CUDA0         ]            node_1339 (   0K) [CUDA0         ]
node #1346 (  GET_ROWS):            node_1346 (   0K) [CUDA0         ] use=1,c=1:           (reshaped) (   2K) [CUDA0         ]            node_1339 (   0K) [CUDA0         ]
node #1347 (       MUL):            node_1347 ( 128K) [CUDA0         ] use=1,c=1:            node_1344 ( 128K) [CUDA0         ]            node_1346 (   0K) [CUDA0         ]
node #1349 (      CONT):    (permuted) (cont) ( 128K) [CUDA0         ] use=1,c=1:           (permuted) ( 128K) [CUDA0         ]
node #1350 (  SUM_ROWS):            node_1350 (  16K) [CUDA0         ] use=1,c=1:    (permuted) (cont) ( 128K) [CUDA0         ]
node #1352 (   MUL_MAT):            node_1352 (   4K) [CUDA0         ] use=1,c=1: blk.18.ffn_gate_shex ( 576K) [CUDA0         ]            node_1335 (  16K) [CUDA0         ]
node #1353 (      SILU):            node_1353 (   4K) [CUDA0         ] use=1,c=1:            node_1352 (   4K) [CUDA0         ]
node #1354 (   MUL_MAT):            node_1354 (   4K) [CUDA0         ] use=1,c=1: blk.18.ffn_up_shexp. ( 576K) [CUDA0         ]            node_1335 (  16K) [CUDA0         ]
node #1355 (       MUL):            node_1355 (   4K) [CUDA0         ] use=1,c=1:            node_1353 (   4K) [CUDA0         ]            node_1354 (   4K) [CUDA0         ]
node #1356 (   MUL_MAT):            node_1356 (  16K) [CUDA0         ] use=1,c=1: blk.18.ffn_down_shex ( 576K) [CUDA0         ]            node_1355 (   4K) [CUDA0         ]
node #1357 (   MUL_MAT):            node_1357 (   0K) [CUDA0         ] use=1,c=1: blk.18.ffn_gate_inp_ (   8K) [CUDA0         ]            node_1335 (  16K) [CUDA0         ]
node #1358 (   SIGMOID):            node_1358 (   0K) [CUDA0         ] use=1,c=1:            node_1357 (   0K) [CUDA0         ]
node #1359 (       MUL):            node_1359 (  16K) [CUDA0         ] use=1,c=1:            node_1356 (  16K) [CUDA0         ]            node_1358 (   0K) [CUDA0         ]
node #1360 (       ADD):            node_1360 (  16K) [CUDA0         ] use=1,c=1:           (reshaped) (  16K) [CUDA0         ]            node_1359 (  16K) [CUDA0         ]
node #1361 (       ADD):            node_1361 (  16K) [CUDA0         ] use=2,c=1:            node_1333 (  16K) [CUDA0         ]            node_1360 (  16K) [CUDA0         ]
node #1362 (  RMS_NORM):            node_1362 (  16K) [CUDA0         ] use=1,c=1:            node_1361 (  16K) [CUDA0         ]
node #1363 (       MUL):            node_1363 (  16K) [CUDA0         ] use=3,c=1:            node_1362 (  16K) [CUDA0         ] blk.19.attn_norm.wei (   8K) [CUDA0         ]
node #1364 (   MUL_MAT):            node_1364 (  64K) [CUDA0         ] use=1,c=1: blk.19.attn_q.weight (   9M) [CUDA0         ]            node_1363 (  16K) [CUDA0         ]
node #1367 (      CONT):  (reshaped) (view) ( (  32K) [CUDA0         ] use=1,c=1:    (reshaped) (view) (  63K) [CUDA0         ]
node #1368 (  RMS_NORM):            node_1368 (  32K) [CUDA0         ] use=1,c=1:  (reshaped) (view) ( (  32K) [CUDA0         ]
node #1369 (       MUL):            node_1369 (  32K) [CUDA0         ] use=1,c=1:            node_1368 (  32K) [CUDA0         ] blk.19.attn_q_norm.w (   1K) [CUDA0         ]

## SPLIT #26: CPU # 1 inputs: [node_1369 (  32K)] 
node #1370 (      ROPE):            node_1370 (  32K) [  CPU         ] use=1,c=1:      CPU#node_1369#0 (  32K) [ NULL         ]              leaf_70 (   0K) [  CPU         ]              leaf_71 (   0K) [  CPU         ]

## SPLIT #27: CUDA0 # 0 inputs
node #1372 (   MUL_MAT):            node_1372 (   4K) [CUDA0         ] use=1,c=1: blk.19.attn_k.weight ( 576K) [CUDA0         ]            node_1363 (  16K) [CUDA0         ]
node #1374 (  RMS_NORM):            node_1374 (   4K) [CUDA0         ] use=1,c=1:           (reshaped) (   4K) [CUDA0         ]
node #1375 (       MUL):            node_1375 (   4K) [CUDA0         ] use=1,c=1:            node_1374 (   4K) [CUDA0         ] blk.19.attn_k_norm.w (   1K) [CUDA0         ]

## SPLIT #28: CPU # 1 inputs: [node_1375 (   4K)] 
node #1376 (      ROPE):            node_1376 (   4K) [  CPU         ] use=1,c=1:      CPU#node_1375#0 (   4K) [ NULL         ]              leaf_70 (   0K) [  CPU         ]              leaf_71 (   0K) [  CPU         ]
node #1378 (       CPY):    (permuted) (copy) (   2K) [  CPU         ] use=2,c=1:           (permuted) (   4K) [  CPU         ]    (permuted) (copy) (   2K) [  CPU         ]

## SPLIT #29: CUDA0 # 0 inputs
node #1379 (   MUL_MAT):            node_1379 (   4K) [CUDA0         ] use=1,c=1: blk.19.attn_v.weight ( 840K) [CUDA0         ]            node_1363 (  16K) [CUDA0         ]
node #1381 (      CONT):    (reshaped) (cont) (   4K) [CUDA0         ] use=1,c=1:           (reshaped) (   4K) [CUDA0         ]
node #1383 (       CPY):  (reshaped) (cont) ( (   2K) [CUDA0         ] use=2,c=1:  (reshaped) (cont) ( (   4K) [CUDA0         ]  (reshaped) (cont) ( (   2K) [CUDA0         ]

## SPLIT #30: CPU # 1 inputs: [ (reshaped) (cont) (permuted) (copy) (   2K)] 
node #1384 (       CPY):               (copy) (   0K) [  CPU         ] use=2,c=1:              leaf_75 (   0K) [  CPU         ]               (copy) (   0K) [  CPU         ]
node #1385 (FLASH_ATTN):            node_1385 (  32K) [  CPU         ] use=1,c=1:           (permuted) (  32K) [  CPU         ]    (permuted) (copy) (   2K) [  CPU         ] CPU# (reshaped) (con (   2K) [ NULL         ]               (copy) (   0K) [  CPU         ]

## SPLIT #31: CUDA0 # 7 inputs: [node_1385 (  32K)] [ (reshaped) (  96K)] [ (reshaped) (   2M)] [ (reshaped) (  96K)] [ (reshaped) (   2M)] [ (reshaped) (  96K)] [ (reshaped) (   2M)] 
node #1387 (      CONT):  (reshaped) (view) ( (  32K) [CUDA0         ] use=1,c=1:    (reshaped) (view) (  63K) [CUDA0         ]
node #1388 (   SIGMOID):            node_1388 (  32K) [CUDA0         ] use=1,c=1:  (reshaped) (view) ( (  32K) [CUDA0         ]
node #1389 (       MUL):            node_1389 (  32K) [CUDA0         ] use=1,c=1:    CUDA0#node_1385#0 (  32K) [ NULL         ]            node_1388 (  32K) [CUDA0         ]
node #1391 (   MUL_MAT):            node_1391 (  16K) [CUDA0         ] use=1,c=1: blk.19.attn_output.w (   4M) [CUDA0         ]           (reshaped) (  32K) [CUDA0         ]
node #1392 (       ADD):            node_1392 (  16K) [CUDA0         ] use=2,c=1:            node_1361 (  16K) [CUDA0         ]            node_1391 (  16K) [CUDA0         ]
node #1393 (  RMS_NORM):            node_1393 (  16K) [CUDA0         ] use=1,c=1:            node_1392 (  16K) [CUDA0         ]
node #1394 (       MUL):            node_1394 (  16K) [CUDA0         ] use=5,c=1:            node_1393 (  16K) [CUDA0         ] blk.19.post_attentio (   8K) [CUDA0         ]
node #1396 (   MUL_MAT):            node_1396 (   2K) [CUDA0         ] use=1,c=1: blk.19.ffn_gate_inp. (   2M) [CUDA0         ]            node_1394 (  16K) [CUDA0         ]
node #1397 (  SOFT_MAX):            node_1397 (   2K) [CUDA0         ] use=2,c=1:            node_1396 (   2K) [CUDA0         ]
node #1398 (     TOP_K):            node_1398 (   0K) [CUDA0         ] use=4,c=1:            node_1397 (   2K) [CUDA0         ]
node #1399 (MUL_MAT_ID):            node_1399 (  32K) [CUDA0         ] use=1,c=1: blk.19.ffn_gate_exps ( 144M) [CUDA0         ]           (reshaped) (  16K) [CUDA0         ]            node_1398 (   0K) [CUDA0         ]
node #1400 (      SILU):            node_1400 (  32K) [CUDA0         ] use=1,c=1:            node_1399 (  32K) [CUDA0         ]
node #1401 (MUL_MAT_ID):            node_1401 (  32K) [CUDA0         ] use=1,c=1: blk.19.ffn_up_exps.w ( 144M) [CUDA0         ]           (reshaped) (  16K) [CUDA0         ]            node_1398 (   0K) [CUDA0         ]
node #1402 (       MUL):            node_1402 (  32K) [CUDA0         ] use=1,c=1:            node_1400 (  32K) [CUDA0         ]            node_1401 (  32K) [CUDA0         ]
node #1403 (MUL_MAT_ID):            node_1403 ( 128K) [CUDA0         ] use=1,c=1: blk.19.ffn_down_exps ( 210M) [CUDA0         ]            node_1402 (  32K) [CUDA0         ]            node_1398 (   0K) [CUDA0         ]
node #1405 (  GET_ROWS):            node_1405 (   0K) [CUDA0         ] use=1,c=1:           (reshaped) (   2K) [CUDA0         ]            node_1398 (   0K) [CUDA0         ]
node #1406 (       MUL):            node_1406 ( 128K) [CUDA0         ] use=1,c=1:            node_1403 ( 128K) [CUDA0         ]            node_1405 (   0K) [CUDA0         ]
node #1408 (      CONT):    (permuted) (cont) ( 128K) [CUDA0         ] use=1,c=1:           (permuted) ( 128K) [CUDA0         ]
node #1409 (  SUM_ROWS):            node_1409 (  16K) [CUDA0         ] use=1,c=1:    (permuted) (cont) ( 128K) [CUDA0         ]
node #1411 (   MUL_MAT):            node_1411 (   4K) [CUDA0         ] use=1,c=1: blk.19.ffn_gate_shex ( 576K) [CUDA0         ]            node_1394 (  16K) [CUDA0         ]
node #1412 (      SILU):            node_1412 (   4K) [CUDA0         ] use=1,c=1:            node_1411 (   4K) [CUDA0         ]
node #1413 (   MUL_MAT):            node_1413 (   4K) [CUDA0         ] use=1,c=1: blk.19.ffn_up_shexp. ( 576K) [CUDA0         ]            node_1394 (  16K) [CUDA0         ]
node #1414 (       MUL):            node_1414 (   4K) [CUDA0         ] use=1,c=1:            node_1412 (   4K) [CUDA0         ]            node_1413 (   4K) [CUDA0         ]
node #1415 (   MUL_MAT):            node_1415 (  16K) [CUDA0         ] use=1,c=1: blk.19.ffn_down_shex ( 840K) [CUDA0         ]            node_1414 (   4K) [CUDA0         ]
node #1416 (   MUL_MAT):            node_1416 (   0K) [CUDA0         ] use=1,c=1: blk.19.ffn_gate_inp_ (   8K) [CUDA0         ]            node_1394 (  16K) [CUDA0         ]
node #1417 (   SIGMOID):            node_1417 (   0K) [CUDA0         ] use=1,c=1:            node_1416 (   0K) [CUDA0         ]
node #1418 (       MUL):            node_1418 (  16K) [CUDA0         ] use=1,c=1:            node_1415 (  16K) [CUDA0         ]            node_1417 (   0K) [CUDA0         ]
node #1419 (       ADD):            node_1419 (  16K) [CUDA0         ] use=1,c=1:           (reshaped) (  16K) [CUDA0         ]            node_1418 (  16K) [CUDA0         ]
node #1420 (       ADD):            node_1420 (  16K) [CUDA0         ] use=2,c=1:            node_1392 (  16K) [CUDA0         ]            node_1419 (  16K) [CUDA0         ]
node #1422 (  RMS_NORM):            node_1422 (  16K) [CUDA0         ] use=1,c=1:            node_1420 (  16K) [CUDA0         ]
node #1423 (       MUL):            node_1423 (  16K) [CUDA0         ] use=4,c=1:            node_1422 (  16K) [CUDA0         ] blk.20.attn_norm.wei (   8K) [CUDA0         ]
node #1424 (   MUL_MAT):            node_1424 (  64K) [CUDA0         ] use=1,c=1: blk.20.attn_qkv.weig (   9M) [CUDA0         ]            node_1423 (  16K) [CUDA0         ]
node #1426 (      CONT):  (transposed) (cont) (  64K) [CUDA0         ] use=1,c=1:         (transposed) (  64K) [CUDA0         ]
node #1427 (    CONCAT):            node_1427 ( 160K) [CUDA0         ] use=1,c=1:  CUDA0# (reshaped)#0 (  96K) [ NULL         ]  (transposed) (cont) (  64K) [CUDA0         ]
node #1429 (  SSM_CONV):            node_1429 (  64K) [CUDA0         ] use=1,c=1:           (reshaped) ( 160K) [CUDA0         ] blk.20.ssm_conv1d.we ( 128K) [CUDA0         ]
node #1430 (      SILU):            node_1430 (  64K) [CUDA0         ] use=1,c=1:            node_1429 (  64K) [CUDA0         ]
node #1433 (      CONT):  (reshaped) (view) ( (  16K) [CUDA0         ] use=1,c=1:    (reshaped) (view) (  40K) [CUDA0         ]
node #1435 (   L2_NORM):            node_1435 (  16K) [CUDA0         ] use=1,c=1:  (reshaped) (view) ( (  16K) [CUDA0         ]
node #1436 (    REPEAT):            node_1436 (  32K) [CUDA0         ] use=1,c=1:            node_1435 (  16K) [CUDA0         ]
node #1437 (     SCALE):            node_1437 (  32K) [CUDA0         ] use=1,c=1:            node_1436 (  32K) [CUDA0         ]
node #1439 (      CONT):  (reshaped) (view) ( (  16K) [CUDA0         ] use=1,c=1:    (reshaped) (view) (  40K) [CUDA0         ]
node #1441 (   L2_NORM):            node_1441 (  16K) [CUDA0         ] use=1,c=1:  (reshaped) (view) ( (  16K) [CUDA0         ]
node #1442 (    REPEAT):            node_1442 (  32K) [CUDA0         ] use=1,c=1:            node_1441 (  16K) [CUDA0         ]
node #1444 (      CONT):  (reshaped) (view) ( (  32K) [CUDA0         ] use=1,c=1:    (reshaped) (view) (  48K) [CUDA0         ]
node #1446 (   MUL_MAT):            node_1446 (   0K) [CUDA0         ] use=1,c=1: blk.20.ssm_alpha.wei (  36K) [CUDA0         ]            node_1423 (  16K) [CUDA0         ]
node #1447 (       ADD):            node_1447 (   0K) [CUDA0         ] use=1,c=1:            node_1446 (   0K) [CUDA0         ]   blk.20.ssm_dt.bias (   0K) [CUDA0         ]
node #1448 (  SOFTPLUS):            node_1448 (   0K) [CUDA0         ] use=1,c=1:            node_1447 (   0K) [CUDA0         ]
node #1449 (       MUL):            node_1449 (   0K) [CUDA0         ] use=1,c=1:            node_1448 (   0K) [CUDA0         ]         blk.20.ssm_a (   0K) [CUDA0         ]
node #1451 (   MUL_MAT):            node_1451 (   0K) [CUDA0         ] use=1,c=1: blk.20.ssm_beta.weig (  36K) [CUDA0         ]            node_1423 (  16K) [CUDA0         ]
node #1452 (   SIGMOID):            node_1452 (   0K) [CUDA0         ] use=1,c=1:            node_1451 (   0K) [CUDA0         ]
node #1455 (GATED_DELT):            node_1455 (   2M) [CUDA0         ] use=2,c=1:            node_1437 (  32K) [CUDA0         ]            node_1442 (  32K) [CUDA0         ]  (reshaped) (view) ( (  32K) [CUDA0         ]           (reshaped) (   0K) [CUDA0         ]           (reshaped) (   0K) [CUDA0         ]  CUDA0# (reshaped)#0 (   2M) [ NULL         ]
node #1457 (      CONT):        (view) (cont) (  32K) [CUDA0         ] use=1,c=1:               (view) (  32K) [CUDA0         ]
node #1459 (  RMS_NORM):            node_1459 (  32K) [CUDA0         ] use=1,c=1:  (view) (cont) (resh (  32K) [CUDA0         ]
node #1460 (       MUL):            node_1460 (  32K) [CUDA0         ] use=1,c=1:            node_1459 (  32K) [CUDA0         ] blk.20.ssm_norm.weig (   0K) [CUDA0         ]
node #1461 (   MUL_MAT):            node_1461 (  32K) [CUDA0         ] use=1,c=1: blk.20.attn_gate.wei (   4M) [CUDA0         ]            node_1423 (  16K) [CUDA0         ]
node #1463 (      SILU):            node_1463 (  32K) [CUDA0         ] use=1,c=1:           (reshaped) (  32K) [CUDA0         ]
node #1464 (       MUL):            node_1464 (  32K) [CUDA0         ] use=1,c=1:            node_1460 (  32K) [CUDA0         ]            node_1463 (  32K) [CUDA0         ]
node #1466 (   MUL_MAT):            node_1466 (  16K) [CUDA0         ] use=1,c=1: blk.20.ssm_out.weigh (   4M) [CUDA0         ]           (reshaped) (  32K) [CUDA0         ]
node #1467 (       ADD):            node_1467 (  16K) [CUDA0         ] use=2,c=1:            node_1420 (  16K) [CUDA0         ]            node_1466 (  16K) [CUDA0         ]
node #1468 (  RMS_NORM):            node_1468 (  16K) [CUDA0         ] use=1,c=1:            node_1467 (  16K) [CUDA0         ]
node #1469 (       MUL):            node_1469 (  16K) [CUDA0         ] use=5,c=1:            node_1468 (  16K) [CUDA0         ] blk.20.post_attentio (   8K) [CUDA0         ]
node #1471 (   MUL_MAT):            node_1471 (   2K) [CUDA0         ] use=1,c=1: blk.20.ffn_gate_inp. (   2M) [CUDA0         ]            node_1469 (  16K) [CUDA0         ]
node #1472 (  SOFT_MAX):            node_1472 (   2K) [CUDA0         ] use=2,c=1:            node_1471 (   2K) [CUDA0         ]
node #1473 (     TOP_K):            node_1473 (   0K) [CUDA0         ] use=4,c=1:            node_1472 (   2K) [CUDA0         ]
node #1474 (MUL_MAT_ID):            node_1474 (  32K) [CUDA0         ] use=1,c=1: blk.20.ffn_gate_exps ( 144M) [CUDA0         ]           (reshaped) (  16K) [CUDA0         ]            node_1473 (   0K) [CUDA0         ]
node #1475 (      SILU):            node_1475 (  32K) [CUDA0         ] use=1,c=1:            node_1474 (  32K) [CUDA0         ]
node #1476 (MUL_MAT_ID):            node_1476 (  32K) [CUDA0         ] use=1,c=1: blk.20.ffn_up_exps.w ( 144M) [CUDA0         ]           (reshaped) (  16K) [CUDA0         ]            node_1473 (   0K) [CUDA0         ]
node #1477 (       MUL):            node_1477 (  32K) [CUDA0         ] use=1,c=1:            node_1475 (  32K) [CUDA0         ]            node_1476 (  32K) [CUDA0         ]
node #1478 (MUL_MAT_ID):            node_1478 ( 128K) [CUDA0         ] use=1,c=1: blk.20.ffn_down_exps ( 144M) [CUDA0         ]            node_1477 (  32K) [CUDA0         ]            node_1473 (   0K) [CUDA0         ]
node #1480 (  GET_ROWS):            node_1480 (   0K) [CUDA0         ] use=1,c=1:           (reshaped) (   2K) [CUDA0         ]            node_1473 (   0K) [CUDA0         ]
node #1481 (       MUL):            node_1481 ( 128K) [CUDA0         ] use=1,c=1:            node_1478 ( 128K) [CUDA0         ]            node_1480 (   0K) [CUDA0         ]
node #1483 (      CONT):    (permuted) (cont) ( 128K) [CUDA0         ] use=1,c=1:           (permuted) ( 128K) [CUDA0         ]
node #1484 (  SUM_ROWS):            node_1484 (  16K) [CUDA0         ] use=1,c=1:    (permuted) (cont) ( 128K) [CUDA0         ]
node #1486 (   MUL_MAT):            node_1486 (   4K) [CUDA0         ] use=1,c=1: blk.20.ffn_gate_shex ( 576K) [CUDA0         ]            node_1469 (  16K) [CUDA0         ]
node #1487 (      SILU):            node_1487 (   4K) [CUDA0         ] use=1,c=1:            node_1486 (   4K) [CUDA0         ]
node #1488 (   MUL_MAT):            node_1488 (   4K) [CUDA0         ] use=1,c=1: blk.20.ffn_up_shexp. ( 576K) [CUDA0         ]            node_1469 (  16K) [CUDA0         ]
node #1489 (       MUL):            node_1489 (   4K) [CUDA0         ] use=1,c=1:            node_1487 (   4K) [CUDA0         ]            node_1488 (   4K) [CUDA0         ]
node #1490 (   MUL_MAT):            node_1490 (  16K) [CUDA0         ] use=1,c=1: blk.20.ffn_down_shex ( 576K) [CUDA0         ]            node_1489 (   4K) [CUDA0         ]
node #1491 (   MUL_MAT):            node_1491 (   0K) [CUDA0         ] use=1,c=1: blk.20.ffn_gate_inp_ (   8K) [CUDA0         ]            node_1469 (  16K) [CUDA0         ]
node #1492 (   SIGMOID):            node_1492 (   0K) [CUDA0         ] use=1,c=1:            node_1491 (   0K) [CUDA0         ]
node #1493 (       MUL):            node_1493 (  16K) [CUDA0         ] use=1,c=1:            node_1490 (  16K) [CUDA0         ]            node_1492 (   0K) [CUDA0         ]
node #1494 (       ADD):            node_1494 (  16K) [CUDA0         ] use=1,c=1:           (reshaped) (  16K) [CUDA0         ]            node_1493 (  16K) [CUDA0         ]
node #1495 (       ADD):            node_1495 (  16K) [CUDA0         ] use=2,c=1:            node_1467 (  16K) [CUDA0         ]            node_1494 (  16K) [CUDA0         ]
node #1497 (  RMS_NORM):            node_1497 (  16K) [CUDA0         ] use=1,c=1:            node_1495 (  16K) [CUDA0         ]
node #1498 (       MUL):            node_1498 (  16K) [CUDA0         ] use=4,c=1:            node_1497 (  16K) [CUDA0         ] blk.21.attn_norm.wei (   8K) [CUDA0         ]
node #1499 (   MUL_MAT):            node_1499 (  64K) [CUDA0         ] use=1,c=1: blk.21.attn_qkv.weig (   9M) [CUDA0         ]            node_1498 (  16K) [CUDA0         ]
node #1501 (      CONT):  (transposed) (cont) (  64K) [CUDA0         ] use=1,c=1:         (transposed) (  64K) [CUDA0         ]
node #1502 (    CONCAT):            node_1502 ( 160K) [CUDA0         ] use=1,c=1:  CUDA0# (reshaped)#0 (  96K) [ NULL         ]  (transposed) (cont) (  64K) [CUDA0         ]
node #1504 (  SSM_CONV):            node_1504 (  64K) [CUDA0         ] use=1,c=1:           (reshaped) ( 160K) [CUDA0         ] blk.21.ssm_conv1d.we ( 128K) [CUDA0         ]
node #1505 (      SILU):            node_1505 (  64K) [CUDA0         ] use=1,c=1:            node_1504 (  64K) [CUDA0         ]
node #1508 (      CONT):  (reshaped) (view) ( (  16K) [CUDA0         ] use=1,c=1:    (reshaped) (view) (  40K) [CUDA0         ]
node #1510 (   L2_NORM):            node_1510 (  16K) [CUDA0         ] use=1,c=1:  (reshaped) (view) ( (  16K) [CUDA0         ]
node #1511 (    REPEAT):            node_1511 (  32K) [CUDA0         ] use=1,c=1:            node_1510 (  16K) [CUDA0         ]
node #1512 (     SCALE):            node_1512 (  32K) [CUDA0         ] use=1,c=1:            node_1511 (  32K) [CUDA0         ]
node #1514 (      CONT):  (reshaped) (view) ( (  16K) [CUDA0         ] use=1,c=1:    (reshaped) (view) (  40K) [CUDA0         ]
node #1516 (   L2_NORM):            node_1516 (  16K) [CUDA0         ] use=1,c=1:  (reshaped) (view) ( (  16K) [CUDA0         ]
node #1517 (    REPEAT):            node_1517 (  32K) [CUDA0         ] use=1,c=1:            node_1516 (  16K) [CUDA0         ]
node #1519 (      CONT):  (reshaped) (view) ( (  32K) [CUDA0         ] use=1,c=1:    (reshaped) (view) (  48K) [CUDA0         ]
node #1521 (   MUL_MAT):            node_1521 (   0K) [CUDA0         ] use=1,c=1: blk.21.ssm_alpha.wei (  36K) [CUDA0         ]            node_1498 (  16K) [CUDA0         ]
node #1522 (       ADD):            node_1522 (   0K) [CUDA0         ] use=1,c=1:            node_1521 (   0K) [CUDA0         ]   blk.21.ssm_dt.bias (   0K) [CUDA0         ]
node #1523 (  SOFTPLUS):            node_1523 (   0K) [CUDA0         ] use=1,c=1:            node_1522 (   0K) [CUDA0         ]
node #1524 (       MUL):            node_1524 (   0K) [CUDA0         ] use=1,c=1:            node_1523 (   0K) [CUDA0         ]         blk.21.ssm_a (   0K) [CUDA0         ]
node #1526 (   MUL_MAT):            node_1526 (   0K) [CUDA0         ] use=1,c=1: blk.21.ssm_beta.weig (  36K) [CUDA0         ]            node_1498 (  16K) [CUDA0         ]
node #1527 (   SIGMOID):            node_1527 (   0K) [CUDA0         ] use=1,c=1:            node_1526 (   0K) [CUDA0         ]
node #1530 (GATED_DELT):            node_1530 (   2M) [CUDA0         ] use=2,c=1:            node_1512 (  32K) [CUDA0         ]            node_1517 (  32K) [CUDA0         ]  (reshaped) (view) ( (  32K) [CUDA0         ]           (reshaped) (   0K) [CUDA0         ]           (reshaped) (   0K) [CUDA0         ]  CUDA0# (reshaped)#0 (   2M) [ NULL         ]
node #1532 (      CONT):        (view) (cont) (  32K) [CUDA0         ] use=1,c=1:               (view) (  32K) [CUDA0         ]
node #1534 (  RMS_NORM):            node_1534 (  32K) [CUDA0         ] use=1,c=1:  (view) (cont) (resh (  32K) [CUDA0         ]
node #1535 (       MUL):            node_1535 (  32K) [CUDA0         ] use=1,c=1:            node_1534 (  32K) [CUDA0         ] blk.21.ssm_norm.weig (   0K) [CUDA0         ]
node #1536 (   MUL_MAT):            node_1536 (  32K) [CUDA0         ] use=1,c=1: blk.21.attn_gate.wei (   4M) [CUDA0         ]            node_1498 (  16K) [CUDA0         ]
node #1538 (      SILU):            node_1538 (  32K) [CUDA0         ] use=1,c=1:           (reshaped) (  32K) [CUDA0         ]
node #1539 (       MUL):            node_1539 (  32K) [CUDA0         ] use=1,c=1:            node_1535 (  32K) [CUDA0         ]            node_1538 (  32K) [CUDA0         ]
node #1541 (   MUL_MAT):            node_1541 (  16K) [CUDA0         ] use=1,c=1: blk.21.ssm_out.weigh (   4M) [CUDA0         ]           (reshaped) (  32K) [CUDA0         ]
node #1542 (       ADD):            node_1542 (  16K) [CUDA0         ] use=2,c=1:            node_1495 (  16K) [CUDA0         ]            node_1541 (  16K) [CUDA0         ]
node #1543 (  RMS_NORM):            node_1543 (  16K) [CUDA0         ] use=1,c=1:            node_1542 (  16K) [CUDA0         ]
node #1544 (       MUL):            node_1544 (  16K) [CUDA0         ] use=5,c=1:            node_1543 (  16K) [CUDA0         ] blk.21.post_attentio (   8K) [CUDA0         ]
node #1546 (   MUL_MAT):            node_1546 (   2K) [CUDA0         ] use=1,c=1: blk.21.ffn_gate_inp. (   2M) [CUDA0         ]            node_1544 (  16K) [CUDA0         ]
node #1547 (  SOFT_MAX):            node_1547 (   2K) [CUDA0         ] use=2,c=1:            node_1546 (   2K) [CUDA0         ]
node #1548 (     TOP_K):            node_1548 (   0K) [CUDA0         ] use=4,c=1:            node_1547 (   2K) [CUDA0         ]
node #1549 (MUL_MAT_ID):            node_1549 (  32K) [CUDA0         ] use=1,c=1: blk.21.ffn_gate_exps ( 144M) [CUDA0         ]           (reshaped) (  16K) [CUDA0         ]            node_1548 (   0K) [CUDA0         ]
node #1550 (      SILU):            node_1550 (  32K) [CUDA0         ] use=1,c=1:            node_1549 (  32K) [CUDA0         ]
node #1551 (MUL_MAT_ID):            node_1551 (  32K) [CUDA0         ] use=1,c=1: blk.21.ffn_up_exps.w ( 144M) [CUDA0         ]           (reshaped) (  16K) [CUDA0         ]            node_1548 (   0K) [CUDA0         ]
node #1552 (       MUL):            node_1552 (  32K) [CUDA0         ] use=1,c=1:            node_1550 (  32K) [CUDA0         ]            node_1551 (  32K) [CUDA0         ]
node #1553 (MUL_MAT_ID):            node_1553 ( 128K) [CUDA0         ] use=1,c=1: blk.21.ffn_down_exps ( 144M) [CUDA0         ]            node_1552 (  32K) [CUDA0         ]            node_1548 (   0K) [CUDA0         ]
node #1555 (  GET_ROWS):            node_1555 (   0K) [CUDA0         ] use=1,c=1:           (reshaped) (   2K) [CUDA0         ]            node_1548 (   0K) [CUDA0         ]
node #1556 (       MUL):            node_1556 ( 128K) [CUDA0         ] use=1,c=1:            node_1553 ( 128K) [CUDA0         ]            node_1555 (   0K) [CUDA0         ]
node #1558 (      CONT):    (permuted) (cont) ( 128K) [CUDA0         ] use=1,c=1:           (permuted) ( 128K) [CUDA0         ]
node #1559 (  SUM_ROWS):            node_1559 (  16K) [CUDA0         ] use=1,c=1:    (permuted) (cont) ( 128K) [CUDA0         ]
node #1561 (   MUL_MAT):            node_1561 (   4K) [CUDA0         ] use=1,c=1: blk.21.ffn_gate_shex ( 576K) [CUDA0         ]            node_1544 (  16K) [CUDA0         ]
node #1562 (      SILU):            node_1562 (   4K) [CUDA0         ] use=1,c=1:            node_1561 (   4K) [CUDA0         ]
node #1563 (   MUL_MAT):            node_1563 (   4K) [CUDA0         ] use=1,c=1: blk.21.ffn_up_shexp. ( 576K) [CUDA0         ]            node_1544 (  16K) [CUDA0         ]
node #1564 (       MUL):            node_1564 (   4K) [CUDA0         ] use=1,c=1:            node_1562 (   4K) [CUDA0         ]            node_1563 (   4K) [CUDA0         ]
node #1565 (   MUL_MAT):            node_1565 (  16K) [CUDA0         ] use=1,c=1: blk.21.ffn_down_shex ( 576K) [CUDA0         ]            node_1564 (   4K) [CUDA0         ]
node #1566 (   MUL_MAT):            node_1566 (   0K) [CUDA0         ] use=1,c=1: blk.21.ffn_gate_inp_ (   8K) [CUDA0         ]            node_1544 (  16K) [CUDA0         ]
node #1567 (   SIGMOID):            node_1567 (   0K) [CUDA0         ] use=1,c=1:            node_1566 (   0K) [CUDA0         ]
node #1568 (       MUL):            node_1568 (  16K) [CUDA0         ] use=1,c=1:            node_1565 (  16K) [CUDA0         ]            node_1567 (   0K) [CUDA0         ]
node #1569 (       ADD):            node_1569 (  16K) [CUDA0         ] use=1,c=1:           (reshaped) (  16K) [CUDA0         ]            node_1568 (  16K) [CUDA0         ]
node #1570 (       ADD):            node_1570 (  16K) [CUDA0         ] use=2,c=1:            node_1542 (  16K) [CUDA0         ]            node_1569 (  16K) [CUDA0         ]
node #1572 (  RMS_NORM):            node_1572 (  16K) [CUDA0         ] use=1,c=1:            node_1570 (  16K) [CUDA0         ]
node #1573 (       MUL):            node_1573 (  16K) [CUDA0         ] use=4,c=1:            node_1572 (  16K) [CUDA0         ] blk.22.attn_norm.wei (   8K) [CUDA0         ]
node #1574 (   MUL_MAT):            node_1574 (  64K) [CUDA0         ] use=1,c=1: blk.22.attn_qkv.weig (  13M) [CUDA0         ]            node_1573 (  16K) [CUDA0         ]
node #1576 (      CONT):  (transposed) (cont) (  64K) [CUDA0         ] use=1,c=1:         (transposed) (  64K) [CUDA0         ]
node #1577 (    CONCAT):            node_1577 ( 160K) [CUDA0         ] use=1,c=1:  CUDA0# (reshaped)#0 (  96K) [ NULL         ]  (transposed) (cont) (  64K) [CUDA0         ]
node #1579 (  SSM_CONV):            node_1579 (  64K) [CUDA0         ] use=1,c=1:           (reshaped) ( 160K) [CUDA0         ] blk.22.ssm_conv1d.we ( 128K) [CUDA0         ]
node #1580 (      SILU):            node_1580 (  64K) [CUDA0         ] use=1,c=1:            node_1579 (  64K) [CUDA0         ]
node #1583 (      CONT):  (reshaped) (view) ( (  16K) [CUDA0         ] use=1,c=1:    (reshaped) (view) (  40K) [CUDA0         ]
node #1585 (   L2_NORM):            node_1585 (  16K) [CUDA0         ] use=1,c=1:  (reshaped) (view) ( (  16K) [CUDA0         ]
node #1586 (    REPEAT):            node_1586 (  32K) [CUDA0         ] use=1,c=1:            node_1585 (  16K) [CUDA0         ]
node #1587 (     SCALE):            node_1587 (  32K) [CUDA0         ] use=1,c=1:            node_1586 (  32K) [CUDA0         ]
node #1589 (      CONT):  (reshaped) (view) ( (  16K) [CUDA0         ] use=1,c=1:    (reshaped) (view) (  40K) [CUDA0         ]
node #1591 (   L2_NORM):            node_1591 (  16K) [CUDA0         ] use=1,c=1:  (reshaped) (view) ( (  16K) [CUDA0         ]
node #1592 (    REPEAT):            node_1592 (  32K) [CUDA0         ] use=1,c=1:            node_1591 (  16K) [CUDA0         ]
node #1594 (      CONT):  (reshaped) (view) ( (  32K) [CUDA0         ] use=1,c=1:    (reshaped) (view) (  48K) [CUDA0         ]
node #1596 (   MUL_MAT):            node_1596 (   0K) [CUDA0         ] use=1,c=1: blk.22.ssm_alpha.wei (  36K) [CUDA0         ]            node_1573 (  16K) [CUDA0         ]
node #1597 (       ADD):            node_1597 (   0K) [CUDA0         ] use=1,c=1:            node_1596 (   0K) [CUDA0         ]   blk.22.ssm_dt.bias (   0K) [CUDA0         ]
node #1598 (  SOFTPLUS):            node_1598 (   0K) [CUDA0         ] use=1,c=1:            node_1597 (   0K) [CUDA0         ]
node #1599 (       MUL):            node_1599 (   0K) [CUDA0         ] use=1,c=1:            node_1598 (   0K) [CUDA0         ]         blk.22.ssm_a (   0K) [CUDA0         ]
node #1601 (   MUL_MAT):            node_1601 (   0K) [CUDA0         ] use=1,c=1: blk.22.ssm_beta.weig (  36K) [CUDA0         ]            node_1573 (  16K) [CUDA0         ]
node #1602 (   SIGMOID):            node_1602 (   0K) [CUDA0         ] use=1,c=1:            node_1601 (   0K) [CUDA0         ]
node #1605 (GATED_DELT):            node_1605 (   2M) [CUDA0         ] use=2,c=1:            node_1587 (  32K) [CUDA0         ]            node_1592 (  32K) [CUDA0         ]  (reshaped) (view) ( (  32K) [CUDA0         ]           (reshaped) (   0K) [CUDA0         ]           (reshaped) (   0K) [CUDA0         ]  CUDA0# (reshaped)#0 (   2M) [ NULL         ]
node #1607 (      CONT):        (view) (cont) (  32K) [CUDA0         ] use=1,c=1:               (view) (  32K) [CUDA0         ]
node #1609 (  RMS_NORM):            node_1609 (  32K) [CUDA0         ] use=1,c=1:  (view) (cont) (resh (  32K) [CUDA0         ]
node #1610 (       MUL):            node_1610 (  32K) [CUDA0         ] use=1,c=1:            node_1609 (  32K) [CUDA0         ] blk.22.ssm_norm.weig (   0K) [CUDA0         ]
node #1611 (   MUL_MAT):            node_1611 (  32K) [CUDA0         ] use=1,c=1: blk.22.attn_gate.wei (   4M) [CUDA0         ]            node_1573 (  16K) [CUDA0         ]
node #1613 (      SILU):            node_1613 (  32K) [CUDA0         ] use=1,c=1:           (reshaped) (  32K) [CUDA0         ]
node #1614 (       MUL):            node_1614 (  32K) [CUDA0         ] use=1,c=1:            node_1610 (  32K) [CUDA0         ]            node_1613 (  32K) [CUDA0         ]
node #1616 (   MUL_MAT):            node_1616 (  16K) [CUDA0         ] use=1,c=1: blk.22.ssm_out.weigh (   4M) [CUDA0         ]           (reshaped) (  32K) [CUDA0         ]
node #1617 (       ADD):            node_1617 (  16K) [CUDA0         ] use=2,c=1:            node_1570 (  16K) [CUDA0         ]            node_1616 (  16K) [CUDA0         ]
node #1618 (  RMS_NORM):            node_1618 (  16K) [CUDA0         ] use=1,c=1:            node_1617 (  16K) [CUDA0         ]
node #1619 (       MUL):            node_1619 (  16K) [CUDA0         ] use=5,c=1:            node_1618 (  16K) [CUDA0         ] blk.22.post_attentio (   8K) [CUDA0         ]
node #1621 (   MUL_MAT):            node_1621 (   2K) [CUDA0         ] use=1,c=1: blk.22.ffn_gate_inp. (   2M) [CUDA0         ]            node_1619 (  16K) [CUDA0         ]
node #1622 (  SOFT_MAX):            node_1622 (   2K) [CUDA0         ] use=2,c=1:            node_1621 (   2K) [CUDA0         ]
node #1623 (     TOP_K):            node_1623 (   0K) [CUDA0         ] use=4,c=1:            node_1622 (   2K) [CUDA0         ]
node #1624 (MUL_MAT_ID):            node_1624 (  32K) [CUDA0         ] use=1,c=1: blk.22.ffn_gate_exps ( 144M) [CUDA0         ]           (reshaped) (  16K) [CUDA0         ]            node_1623 (   0K) [CUDA0         ]
node #1625 (      SILU):            node_1625 (  32K) [CUDA0         ] use=1,c=1:            node_1624 (  32K) [CUDA0         ]
node #1626 (MUL_MAT_ID):            node_1626 (  32K) [CUDA0         ] use=1,c=1: blk.22.ffn_up_exps.w ( 144M) [CUDA0         ]           (reshaped) (  16K) [CUDA0         ]            node_1623 (   0K) [CUDA0         ]
node #1627 (       MUL):            node_1627 (  32K) [CUDA0         ] use=1,c=1:            node_1625 (  32K) [CUDA0         ]            node_1626 (  32K) [CUDA0         ]
node #1628 (MUL_MAT_ID):            node_1628 ( 128K) [CUDA0         ] use=1,c=1: blk.22.ffn_down_exps ( 210M) [CUDA0         ]            node_1627 (  32K) [CUDA0         ]            node_1623 (   0K) [CUDA0         ]
node #1630 (  GET_ROWS):            node_1630 (   0K) [CUDA0         ] use=1,c=1:           (reshaped) (   2K) [CUDA0         ]            node_1623 (   0K) [CUDA0         ]
node #1631 (       MUL):            node_1631 ( 128K) [CUDA0         ] use=1,c=1:            node_1628 ( 128K) [CUDA0         ]            node_1630 (   0K) [CUDA0         ]
node #1633 (      CONT):    (permuted) (cont) ( 128K) [CUDA0         ] use=1,c=1:           (permuted) ( 128K) [CUDA0         ]
node #1634 (  SUM_ROWS):            node_1634 (  16K) [CUDA0         ] use=1,c=1:    (permuted) (cont) ( 128K) [CUDA0         ]
node #1636 (   MUL_MAT):            node_1636 (   4K) [CUDA0         ] use=1,c=1: blk.22.ffn_gate_shex ( 576K) [CUDA0         ]            node_1619 (  16K) [CUDA0         ]
node #1637 (      SILU):            node_1637 (   4K) [CUDA0         ] use=1,c=1:            node_1636 (   4K) [CUDA0         ]
node #1638 (   MUL_MAT):            node_1638 (   4K) [CUDA0         ] use=1,c=1: blk.22.ffn_up_shexp. ( 576K) [CUDA0         ]            node_1619 (  16K) [CUDA0         ]
node #1639 (       MUL):            node_1639 (   4K) [CUDA0         ] use=1,c=1:            node_1637 (   4K) [CUDA0         ]            node_1638 (   4K) [CUDA0         ]
node #1640 (   MUL_MAT):            node_1640 (  16K) [CUDA0         ] use=1,c=1: blk.22.ffn_down_shex ( 840K) [CUDA0         ]            node_1639 (   4K) [CUDA0         ]
node #1641 (   MUL_MAT):            node_1641 (   0K) [CUDA0         ] use=1,c=1: blk.22.ffn_gate_inp_ (   8K) [CUDA0         ]            node_1619 (  16K) [CUDA0         ]
node #1642 (   SIGMOID):            node_1642 (   0K) [CUDA0         ] use=1,c=1:            node_1641 (   0K) [CUDA0         ]
node #1643 (       MUL):            node_1643 (  16K) [CUDA0         ] use=1,c=1:            node_1640 (  16K) [CUDA0         ]            node_1642 (   0K) [CUDA0         ]
node #1644 (       ADD):            node_1644 (  16K) [CUDA0         ] use=1,c=1:           (reshaped) (  16K) [CUDA0         ]            node_1643 (  16K) [CUDA0         ]
node #1645 (       ADD):            node_1645 (  16K) [CUDA0         ] use=2,c=1:            node_1617 (  16K) [CUDA0         ]            node_1644 (  16K) [CUDA0         ]
node #1646 (  RMS_NORM):            node_1646 (  16K) [CUDA0         ] use=1,c=1:            node_1645 (  16K) [CUDA0         ]
node #1647 (       MUL):            node_1647 (  16K) [CUDA0         ] use=3,c=1:            node_1646 (  16K) [CUDA0         ] blk.23.attn_norm.wei (   8K) [CUDA0         ]
node #1648 (   MUL_MAT):            node_1648 (  64K) [CUDA0         ] use=1,c=1: blk.23.attn_q.weight (   9M) [CUDA0         ]            node_1647 (  16K) [CUDA0         ]
node #1651 (      CONT):  (reshaped) (view) ( (  32K) [CUDA0         ] use=1,c=1:    (reshaped) (view) (  63K) [CUDA0         ]
node #1652 (  RMS_NORM):            node_1652 (  32K) [CUDA0         ] use=1,c=1:  (reshaped) (view) ( (  32K) [CUDA0         ]
node #1653 (       MUL):            node_1653 (  32K) [CUDA0         ] use=1,c=1:            node_1652 (  32K) [CUDA0         ] blk.23.attn_q_norm.w (   1K) [CUDA0         ]

## SPLIT #32: CPU # 1 inputs: [node_1653 (  32K)] 
node #1654 (      ROPE):            node_1654 (  32K) [  CPU         ] use=1,c=1:      CPU#node_1653#0 (  32K) [ NULL         ]              leaf_70 (   0K) [  CPU         ]              leaf_71 (   0K) [  CPU         ]

## SPLIT #33: CUDA0 # 0 inputs
node #1656 (   MUL_MAT):            node_1656 (   4K) [CUDA0         ] use=1,c=1: blk.23.attn_k.weight ( 576K) [CUDA0         ]            node_1647 (  16K) [CUDA0         ]
node #1658 (  RMS_NORM):            node_1658 (   4K) [CUDA0         ] use=1,c=1:           (reshaped) (   4K) [CUDA0         ]
node #1659 (       MUL):            node_1659 (   4K) [CUDA0         ] use=1,c=1:            node_1658 (   4K) [CUDA0         ] blk.23.attn_k_norm.w (   1K) [CUDA0         ]

## SPLIT #34: CPU # 1 inputs: [node_1659 (   4K)] 
node #1660 (      ROPE):            node_1660 (   4K) [  CPU         ] use=1,c=1:      CPU#node_1659#0 (   4K) [ NULL         ]              leaf_70 (   0K) [  CPU         ]              leaf_71 (   0K) [  CPU         ]
node #1662 (       CPY):    (permuted) (copy) (   2K) [  CPU         ] use=2,c=1:           (permuted) (   4K) [  CPU         ]    (permuted) (copy) (   2K) [  CPU         ]

## SPLIT #35: CUDA0 # 0 inputs
node #1663 (   MUL_MAT):            node_1663 (   4K) [CUDA0         ] use=1,c=1: blk.23.attn_v.weight ( 576K) [CUDA0         ]            node_1647 (  16K) [CUDA0         ]
node #1665 (      CONT):    (reshaped) (cont) (   4K) [CUDA0         ] use=1,c=1:           (reshaped) (   4K) [CUDA0         ]
node #1667 (       CPY):  (reshaped) (cont) ( (   2K) [CUDA0         ] use=2,c=1:  (reshaped) (cont) ( (   4K) [CUDA0         ]  (reshaped) (cont) ( (   2K) [CUDA0         ]

## SPLIT #36: CPU # 1 inputs: [ (reshaped) (cont) (permuted) (copy) (   2K)] 
node #1668 (       CPY):               (copy) (   0K) [  CPU         ] use=2,c=1:              leaf_75 (   0K) [  CPU         ]               (copy) (   0K) [  CPU         ]
node #1669 (FLASH_ATTN):            node_1669 (  32K) [  CPU         ] use=1,c=1:           (permuted) (  32K) [  CPU         ]    (permuted) (copy) (   2K) [  CPU         ] CPU# (reshaped) (con (   2K) [ NULL         ]               (copy) (   0K) [  CPU         ]

## SPLIT #37: CUDA0 # 7 inputs: [node_1669 (  32K)] [ (reshaped) (  96K)] [ (reshaped) (   2M)] [ (reshaped) (  96K)] [ (reshaped) (   2M)] [ (reshaped) (  96K)] [ (reshaped) (   2M)] 
node #1671 (      CONT):  (reshaped) (view) ( (  32K) [CUDA0         ] use=1,c=1:    (reshaped) (view) (  63K) [CUDA0         ]
node #1672 (   SIGMOID):            node_1672 (  32K) [CUDA0         ] use=1,c=1:  (reshaped) (view) ( (  32K) [CUDA0         ]
node #1673 (       MUL):            node_1673 (  32K) [CUDA0         ] use=1,c=1:    CUDA0#node_1669#0 (  32K) [ NULL         ]            node_1672 (  32K) [CUDA0         ]
node #1675 (   MUL_MAT):            node_1675 (  16K) [CUDA0         ] use=1,c=1: blk.23.attn_output.w (   4M) [CUDA0         ]           (reshaped) (  32K) [CUDA0         ]
node #1676 (       ADD):            node_1676 (  16K) [CUDA0         ] use=2,c=1:            node_1645 (  16K) [CUDA0         ]            node_1675 (  16K) [CUDA0         ]
node #1677 (  RMS_NORM):            node_1677 (  16K) [CUDA0         ] use=1,c=1:            node_1676 (  16K) [CUDA0         ]
node #1678 (       MUL):            node_1678 (  16K) [CUDA0         ] use=5,c=1:            node_1677 (  16K) [CUDA0         ] blk.23.post_attentio (   8K) [CUDA0         ]
node #1680 (   MUL_MAT):            node_1680 (   2K) [CUDA0         ] use=1,c=1: blk.23.ffn_gate_inp. (   2M) [CUDA0         ]            node_1678 (  16K) [CUDA0         ]
node #1681 (  SOFT_MAX):            node_1681 (   2K) [CUDA0         ] use=2,c=1:            node_1680 (   2K) [CUDA0         ]
node #1682 (     TOP_K):            node_1682 (   0K) [CUDA0         ] use=4,c=1:            node_1681 (   2K) [CUDA0         ]
node #1683 (MUL_MAT_ID):            node_1683 (  32K) [CUDA0         ] use=1,c=1: blk.23.ffn_gate_exps ( 144M) [CUDA0         ]           (reshaped) (  16K) [CUDA0         ]            node_1682 (   0K) [CUDA0         ]
node #1684 (      SILU):            node_1684 (  32K) [CUDA0         ] use=1,c=1:            node_1683 (  32K) [CUDA0         ]
node #1685 (MUL_MAT_ID):            node_1685 (  32K) [CUDA0         ] use=1,c=1: blk.23.ffn_up_exps.w ( 144M) [CUDA0         ]           (reshaped) (  16K) [CUDA0         ]            node_1682 (   0K) [CUDA0         ]
node #1686 (       MUL):            node_1686 (  32K) [CUDA0         ] use=1,c=1:            node_1684 (  32K) [CUDA0         ]            node_1685 (  32K) [CUDA0         ]
node #1687 (MUL_MAT_ID):            node_1687 ( 128K) [CUDA0         ] use=1,c=1: blk.23.ffn_down_exps ( 144M) [CUDA0         ]            node_1686 (  32K) [CUDA0         ]            node_1682 (   0K) [CUDA0         ]
node #1689 (  GET_ROWS):            node_1689 (   0K) [CUDA0         ] use=1,c=1:           (reshaped) (   2K) [CUDA0         ]            node_1682 (   0K) [CUDA0         ]
node #1690 (       MUL):            node_1690 ( 128K) [CUDA0         ] use=1,c=1:            node_1687 ( 128K) [CUDA0         ]            node_1689 (   0K) [CUDA0         ]
node #1692 (      CONT):    (permuted) (cont) ( 128K) [CUDA0         ] use=1,c=1:           (permuted) ( 128K) [CUDA0         ]
node #1693 (  SUM_ROWS):            node_1693 (  16K) [CUDA0         ] use=1,c=1:    (permuted) (cont) ( 128K) [CUDA0         ]
node #1695 (   MUL_MAT):            node_1695 (   4K) [CUDA0         ] use=1,c=1: blk.23.ffn_gate_shex ( 576K) [CUDA0         ]            node_1678 (  16K) [CUDA0         ]
node #1696 (      SILU):            node_1696 (   4K) [CUDA0         ] use=1,c=1:            node_1695 (   4K) [CUDA0         ]
node #1697 (   MUL_MAT):            node_1697 (   4K) [CUDA0         ] use=1,c=1: blk.23.ffn_up_shexp. ( 576K) [CUDA0         ]            node_1678 (  16K) [CUDA0         ]
node #1698 (       MUL):            node_1698 (   4K) [CUDA0         ] use=1,c=1:            node_1696 (   4K) [CUDA0         ]            node_1697 (   4K) [CUDA0         ]
node #1699 (   MUL_MAT):            node_1699 (  16K) [CUDA0         ] use=1,c=1: blk.23.ffn_down_shex ( 576K) [CUDA0         ]            node_1698 (   4K) [CUDA0         ]
node #1700 (   MUL_MAT):            node_1700 (   0K) [CUDA0         ] use=1,c=1: blk.23.ffn_gate_inp_ (   8K) [CUDA0         ]            node_1678 (  16K) [CUDA0         ]
node #1701 (   SIGMOID):            node_1701 (   0K) [CUDA0         ] use=1,c=1:            node_1700 (   0K) [CUDA0         ]
node #1702 (       MUL):            node_1702 (  16K) [CUDA0         ] use=1,c=1:            node_1699 (  16K) [CUDA0         ]            node_1701 (   0K) [CUDA0         ]
node #1703 (       ADD):            node_1703 (  16K) [CUDA0         ] use=1,c=1:           (reshaped) (  16K) [CUDA0         ]            node_1702 (  16K) [CUDA0         ]
node #1704 (       ADD):            node_1704 (  16K) [CUDA0         ] use=2,c=1:            node_1676 (  16K) [CUDA0         ]            node_1703 (  16K) [CUDA0         ]
node #1706 (  RMS_NORM):            node_1706 (  16K) [CUDA0         ] use=1,c=1:            node_1704 (  16K) [CUDA0         ]
node #1707 (       MUL):            node_1707 (  16K) [CUDA0         ] use=4,c=1:            node_1706 (  16K) [CUDA0         ] blk.24.attn_norm.wei (   8K) [CUDA0         ]
node #1708 (   MUL_MAT):            node_1708 (  64K) [CUDA0         ] use=1,c=1: blk.24.attn_qkv.weig (   9M) [CUDA0         ]            node_1707 (  16K) [CUDA0         ]
node #1710 (      CONT):  (transposed) (cont) (  64K) [CUDA0         ] use=1,c=1:         (transposed) (  64K) [CUDA0         ]
node #1711 (    CONCAT):            node_1711 ( 160K) [CUDA0         ] use=1,c=1:  CUDA0# (reshaped)#0 (  96K) [ NULL         ]  (transposed) (cont) (  64K) [CUDA0         ]
node #1713 (  SSM_CONV):            node_1713 (  64K) [CUDA0         ] use=1,c=1:           (reshaped) ( 160K) [CUDA0         ] blk.24.ssm_conv1d.we ( 128K) [CUDA0         ]
node #1714 (      SILU):            node_1714 (  64K) [CUDA0         ] use=1,c=1:            node_1713 (  64K) [CUDA0         ]
node #1717 (      CONT):  (reshaped) (view) ( (  16K) [CUDA0         ] use=1,c=1:    (reshaped) (view) (  40K) [CUDA0         ]
node #1719 (   L2_NORM):            node_1719 (  16K) [CUDA0         ] use=1,c=1:  (reshaped) (view) ( (  16K) [CUDA0         ]
node #1720 (    REPEAT):            node_1720 (  32K) [CUDA0         ] use=1,c=1:            node_1719 (  16K) [CUDA0         ]
node #1721 (     SCALE):            node_1721 (  32K) [CUDA0         ] use=1,c=1:            node_1720 (  32K) [CUDA0         ]
node #1723 (      CONT):  (reshaped) (view) ( (  16K) [CUDA0         ] use=1,c=1:    (reshaped) (view) (  40K) [CUDA0         ]
node #1725 (   L2_NORM):            node_1725 (  16K) [CUDA0         ] use=1,c=1:  (reshaped) (view) ( (  16K) [CUDA0         ]
node #1726 (    REPEAT):            node_1726 (  32K) [CUDA0         ] use=1,c=1:            node_1725 (  16K) [CUDA0         ]
node #1728 (      CONT):  (reshaped) (view) ( (  32K) [CUDA0         ] use=1,c=1:    (reshaped) (view) (  48K) [CUDA0         ]
node #1730 (   MUL_MAT):            node_1730 (   0K) [CUDA0         ] use=1,c=1: blk.24.ssm_alpha.wei (  36K) [CUDA0         ]            node_1707 (  16K) [CUDA0         ]
node #1731 (       ADD):            node_1731 (   0K) [CUDA0         ] use=1,c=1:            node_1730 (   0K) [CUDA0         ]   blk.24.ssm_dt.bias (   0K) [CUDA0         ]
node #1732 (  SOFTPLUS):            node_1732 (   0K) [CUDA0         ] use=1,c=1:            node_1731 (   0K) [CUDA0         ]
node #1733 (       MUL):            node_1733 (   0K) [CUDA0         ] use=1,c=1:            node_1732 (   0K) [CUDA0         ]         blk.24.ssm_a (   0K) [CUDA0         ]
node #1735 (   MUL_MAT):            node_1735 (   0K) [CUDA0         ] use=1,c=1: blk.24.ssm_beta.weig (  36K) [CUDA0         ]            node_1707 (  16K) [CUDA0         ]
node #1736 (   SIGMOID):            node_1736 (   0K) [CUDA0         ] use=1,c=1:            node_1735 (   0K) [CUDA0         ]
node #1739 (GATED_DELT):            node_1739 (   2M) [CUDA0         ] use=2,c=1:            node_1721 (  32K) [CUDA0         ]            node_1726 (  32K) [CUDA0         ]  (reshaped) (view) ( (  32K) [CUDA0         ]           (reshaped) (   0K) [CUDA0         ]           (reshaped) (   0K) [CUDA0         ]  CUDA0# (reshaped)#0 (   2M) [ NULL         ]
node #1741 (      CONT):        (view) (cont) (  32K) [CUDA0         ] use=1,c=1:               (view) (  32K) [CUDA0         ]
node #1743 (  RMS_NORM):            node_1743 (  32K) [CUDA0         ] use=1,c=1:  (view) (cont) (resh (  32K) [CUDA0         ]
node #1744 (       MUL):            node_1744 (  32K) [CUDA0         ] use=1,c=1:            node_1743 (  32K) [CUDA0         ] blk.24.ssm_norm.weig (   0K) [CUDA0         ]
node #1745 (   MUL_MAT):            node_1745 (  32K) [CUDA0         ] use=1,c=1: blk.24.attn_gate.wei (   4M) [CUDA0         ]            node_1707 (  16K) [CUDA0         ]
node #1747 (      SILU):            node_1747 (  32K) [CUDA0         ] use=1,c=1:           (reshaped) (  32K) [CUDA0         ]
node #1748 (       MUL):            node_1748 (  32K) [CUDA0         ] use=1,c=1:            node_1744 (  32K) [CUDA0         ]            node_1747 (  32K) [CUDA0         ]
node #1750 (   MUL_MAT):            node_1750 (  16K) [CUDA0         ] use=1,c=1: blk.24.ssm_out.weigh (   4M) [CUDA0         ]           (reshaped) (  32K) [CUDA0         ]
node #1751 (       ADD):            node_1751 (  16K) [CUDA0         ] use=2,c=1:            node_1704 (  16K) [CUDA0         ]            node_1750 (  16K) [CUDA0         ]
node #1752 (  RMS_NORM):            node_1752 (  16K) [CUDA0         ] use=1,c=1:            node_1751 (  16K) [CUDA0         ]
node #1753 (       MUL):            node_1753 (  16K) [CUDA0         ] use=5,c=1:            node_1752 (  16K) [CUDA0         ] blk.24.post_attentio (   8K) [CUDA0         ]
node #1755 (   MUL_MAT):            node_1755 (   2K) [CUDA0         ] use=1,c=1: blk.24.ffn_gate_inp. (   2M) [CUDA0         ]            node_1753 (  16K) [CUDA0         ]
node #1756 (  SOFT_MAX):            node_1756 (   2K) [CUDA0         ] use=2,c=1:            node_1755 (   2K) [CUDA0         ]
node #1757 (     TOP_K):            node_1757 (   0K) [CUDA0         ] use=4,c=1:            node_1756 (   2K) [CUDA0         ]
node #1758 (MUL_MAT_ID):            node_1758 (  32K) [CUDA0         ] use=1,c=1: blk.24.ffn_gate_exps ( 144M) [CUDA0         ]           (reshaped) (  16K) [CUDA0         ]            node_1757 (   0K) [CUDA0         ]
node #1759 (      SILU):            node_1759 (  32K) [CUDA0         ] use=1,c=1:            node_1758 (  32K) [CUDA0         ]
node #1760 (MUL_MAT_ID):            node_1760 (  32K) [CUDA0         ] use=1,c=1: blk.24.ffn_up_exps.w ( 144M) [CUDA0         ]           (reshaped) (  16K) [CUDA0         ]            node_1757 (   0K) [CUDA0         ]
node #1761 (       MUL):            node_1761 (  32K) [CUDA0         ] use=1,c=1:            node_1759 (  32K) [CUDA0         ]            node_1760 (  32K) [CUDA0         ]
node #1762 (MUL_MAT_ID):            node_1762 ( 128K) [CUDA0         ] use=1,c=1: blk.24.ffn_down_exps ( 144M) [CUDA0         ]            node_1761 (  32K) [CUDA0         ]            node_1757 (   0K) [CUDA0         ]
node #1764 (  GET_ROWS):            node_1764 (   0K) [CUDA0         ] use=1,c=1:           (reshaped) (   2K) [CUDA0         ]            node_1757 (   0K) [CUDA0         ]
node #1765 (       MUL):            node_1765 ( 128K) [CUDA0         ] use=1,c=1:            node_1762 ( 128K) [CUDA0         ]            node_1764 (   0K) [CUDA0         ]
node #1767 (      CONT):    (permuted) (cont) ( 128K) [CUDA0         ] use=1,c=1:           (permuted) ( 128K) [CUDA0         ]
node #1768 (  SUM_ROWS):            node_1768 (  16K) [CUDA0         ] use=1,c=1:    (permuted) (cont) ( 128K) [CUDA0         ]
node #1770 (   MUL_MAT):            node_1770 (   4K) [CUDA0         ] use=1,c=1: blk.24.ffn_gate_shex ( 576K) [CUDA0         ]            node_1753 (  16K) [CUDA0         ]
node #1771 (      SILU):            node_1771 (   4K) [CUDA0         ] use=1,c=1:            node_1770 (   4K) [CUDA0         ]
node #1772 (   MUL_MAT):            node_1772 (   4K) [CUDA0         ] use=1,c=1: blk.24.ffn_up_shexp. ( 576K) [CUDA0         ]            node_1753 (  16K) [CUDA0         ]
node #1773 (       MUL):            node_1773 (   4K) [CUDA0         ] use=1,c=1:            node_1771 (   4K) [CUDA0         ]            node_1772 (   4K) [CUDA0         ]
node #1774 (   MUL_MAT):            node_1774 (  16K) [CUDA0         ] use=1,c=1: blk.24.ffn_down_shex ( 576K) [CUDA0         ]            node_1773 (   4K) [CUDA0         ]
node #1775 (   MUL_MAT):            node_1775 (   0K) [CUDA0         ] use=1,c=1: blk.24.ffn_gate_inp_ (   8K) [CUDA0         ]            node_1753 (  16K) [CUDA0         ]
node #1776 (   SIGMOID):            node_1776 (   0K) [CUDA0         ] use=1,c=1:            node_1775 (   0K) [CUDA0         ]
node #1777 (       MUL):            node_1777 (  16K) [CUDA0         ] use=1,c=1:            node_1774 (  16K) [CUDA0         ]            node_1776 (   0K) [CUDA0         ]
node #1778 (       ADD):            node_1778 (  16K) [CUDA0         ] use=1,c=1:           (reshaped) (  16K) [CUDA0         ]            node_1777 (  16K) [CUDA0         ]
node #1779 (       ADD):            node_1779 (  16K) [CUDA0         ] use=2,c=1:            node_1751 (  16K) [CUDA0         ]            node_1778 (  16K) [CUDA0         ]
node #1781 (  RMS_NORM):            node_1781 (  16K) [CUDA0         ] use=1,c=1:            node_1779 (  16K) [CUDA0         ]
node #1782 (       MUL):            node_1782 (  16K) [CUDA0         ] use=4,c=1:            node_1781 (  16K) [CUDA0         ] blk.25.attn_norm.wei (   8K) [CUDA0         ]
node #1783 (   MUL_MAT):            node_1783 (  64K) [CUDA0         ] use=1,c=1: blk.25.attn_qkv.weig (  13M) [CUDA0         ]            node_1782 (  16K) [CUDA0         ]
node #1785 (      CONT):  (transposed) (cont) (  64K) [CUDA0         ] use=1,c=1:         (transposed) (  64K) [CUDA0         ]
node #1786 (    CONCAT):            node_1786 ( 160K) [CUDA0         ] use=1,c=1:  CUDA0# (reshaped)#0 (  96K) [ NULL         ]  (transposed) (cont) (  64K) [CUDA0         ]
node #1788 (  SSM_CONV):            node_1788 (  64K) [CUDA0         ] use=1,c=1:           (reshaped) ( 160K) [CUDA0         ] blk.25.ssm_conv1d.we ( 128K) [CUDA0         ]
node #1789 (      SILU):            node_1789 (  64K) [CUDA0         ] use=1,c=1:            node_1788 (  64K) [CUDA0         ]
node #1792 (      CONT):  (reshaped) (view) ( (  16K) [CUDA0         ] use=1,c=1:    (reshaped) (view) (  40K) [CUDA0         ]
node #1794 (   L2_NORM):            node_1794 (  16K) [CUDA0         ] use=1,c=1:  (reshaped) (view) ( (  16K) [CUDA0         ]
node #1795 (    REPEAT):            node_1795 (  32K) [CUDA0         ] use=1,c=1:            node_1794 (  16K) [CUDA0         ]
node #1796 (     SCALE):            node_1796 (  32K) [CUDA0         ] use=1,c=1:            node_1795 (  32K) [CUDA0         ]
node #1798 (      CONT):  (reshaped) (view) ( (  16K) [CUDA0         ] use=1,c=1:    (reshaped) (view) (  40K) [CUDA0         ]
node #1800 (   L2_NORM):            node_1800 (  16K) [CUDA0         ] use=1,c=1:  (reshaped) (view) ( (  16K) [CUDA0         ]
node #1801 (    REPEAT):            node_1801 (  32K) [CUDA0         ] use=1,c=1:            node_1800 (  16K) [CUDA0         ]
node #1803 (      CONT):  (reshaped) (view) ( (  32K) [CUDA0         ] use=1,c=1:    (reshaped) (view) (  48K) [CUDA0         ]
node #1805 (   MUL_MAT):            node_1805 (   0K) [CUDA0         ] use=1,c=1: blk.25.ssm_alpha.wei (  36K) [CUDA0         ]            node_1782 (  16K) [CUDA0         ]
node #1806 (       ADD):            node_1806 (   0K) [CUDA0         ] use=1,c=1:            node_1805 (   0K) [CUDA0         ]   blk.25.ssm_dt.bias (   0K) [CUDA0         ]
node #1807 (  SOFTPLUS):            node_1807 (   0K) [CUDA0         ] use=1,c=1:            node_1806 (   0K) [CUDA0         ]
node #1808 (       MUL):            node_1808 (   0K) [CUDA0         ] use=1,c=1:            node_1807 (   0K) [CUDA0         ]         blk.25.ssm_a (   0K) [CUDA0         ]
node #1810 (   MUL_MAT):            node_1810 (   0K) [CUDA0         ] use=1,c=1: blk.25.ssm_beta.weig (  36K) [CUDA0         ]            node_1782 (  16K) [CUDA0         ]
node #1811 (   SIGMOID):            node_1811 (   0K) [CUDA0         ] use=1,c=1:            node_1810 (   0K) [CUDA0         ]
node #1814 (GATED_DELT):            node_1814 (   2M) [CUDA0         ] use=2,c=1:            node_1796 (  32K) [CUDA0         ]            node_1801 (  32K) [CUDA0         ]  (reshaped) (view) ( (  32K) [CUDA0         ]           (reshaped) (   0K) [CUDA0         ]           (reshaped) (   0K) [CUDA0         ]  CUDA0# (reshaped)#0 (   2M) [ NULL         ]
node #1816 (      CONT):        (view) (cont) (  32K) [CUDA0         ] use=1,c=1:               (view) (  32K) [CUDA0         ]
node #1818 (  RMS_NORM):            node_1818 (  32K) [CUDA0         ] use=1,c=1:  (view) (cont) (resh (  32K) [CUDA0         ]
node #1819 (       MUL):            node_1819 (  32K) [CUDA0         ] use=1,c=1:            node_1818 (  32K) [CUDA0         ] blk.25.ssm_norm.weig (   0K) [CUDA0         ]
node #1820 (   MUL_MAT):            node_1820 (  32K) [CUDA0         ] use=1,c=1: blk.25.attn_gate.wei (   4M) [CUDA0         ]            node_1782 (  16K) [CUDA0         ]
node #1822 (      SILU):            node_1822 (  32K) [CUDA0         ] use=1,c=1:           (reshaped) (  32K) [CUDA0         ]
node #1823 (       MUL):            node_1823 (  32K) [CUDA0         ] use=1,c=1:            node_1819 (  32K) [CUDA0         ]            node_1822 (  32K) [CUDA0         ]
node #1825 (   MUL_MAT):            node_1825 (  16K) [CUDA0         ] use=1,c=1: blk.25.ssm_out.weigh (   4M) [CUDA0         ]           (reshaped) (  32K) [CUDA0         ]
node #1826 (       ADD):            node_1826 (  16K) [CUDA0         ] use=2,c=1:            node_1779 (  16K) [CUDA0         ]            node_1825 (  16K) [CUDA0         ]
node #1827 (  RMS_NORM):            node_1827 (  16K) [CUDA0         ] use=1,c=1:            node_1826 (  16K) [CUDA0         ]
node #1828 (       MUL):            node_1828 (  16K) [CUDA0         ] use=5,c=1:            node_1827 (  16K) [CUDA0         ] blk.25.post_attentio (   8K) [CUDA0         ]
node #1830 (   MUL_MAT):            node_1830 (   2K) [CUDA0         ] use=1,c=1: blk.25.ffn_gate_inp. (   2M) [CUDA0         ]            node_1828 (  16K) [CUDA0         ]
node #1831 (  SOFT_MAX):            node_1831 (   2K) [CUDA0         ] use=2,c=1:            node_1830 (   2K) [CUDA0         ]
node #1832 (     TOP_K):            node_1832 (   0K) [CUDA0         ] use=4,c=1:            node_1831 (   2K) [CUDA0         ]
node #1833 (MUL_MAT_ID):            node_1833 (  32K) [CUDA0         ] use=1,c=1: blk.25.ffn_gate_exps ( 144M) [CUDA0         ]           (reshaped) (  16K) [CUDA0         ]            node_1832 (   0K) [CUDA0         ]
node #1834 (      SILU):            node_1834 (  32K) [CUDA0         ] use=1,c=1:            node_1833 (  32K) [CUDA0         ]
node #1835 (MUL_MAT_ID):            node_1835 (  32K) [CUDA0         ] use=1,c=1: blk.25.ffn_up_exps.w ( 144M) [CUDA0         ]           (reshaped) (  16K) [CUDA0         ]            node_1832 (   0K) [CUDA0         ]
node #1836 (       MUL):            node_1836 (  32K) [CUDA0         ] use=1,c=1:            node_1834 (  32K) [CUDA0         ]            node_1835 (  32K) [CUDA0         ]
node #1837 (MUL_MAT_ID):            node_1837 ( 128K) [CUDA0         ] use=1,c=1: blk.25.ffn_down_exps ( 210M) [CUDA0         ]            node_1836 (  32K) [CUDA0         ]            node_1832 (   0K) [CUDA0         ]
node #1839 (  GET_ROWS):            node_1839 (   0K) [CUDA0         ] use=1,c=1:           (reshaped) (   2K) [CUDA0         ]            node_1832 (   0K) [CUDA0         ]
node #1840 (       MUL):            node_1840 ( 128K) [CUDA0         ] use=1,c=1:            node_1837 ( 128K) [CUDA0         ]            node_1839 (   0K) [CUDA0         ]
node #1842 (      CONT):    (permuted) (cont) ( 128K) [CUDA0         ] use=1,c=1:           (permuted) ( 128K) [CUDA0         ]
node #1843 (  SUM_ROWS):            node_1843 (  16K) [CUDA0         ] use=1,c=1:    (permuted) (cont) ( 128K) [CUDA0         ]
node #1845 (   MUL_MAT):            node_1845 (   4K) [CUDA0         ] use=1,c=1: blk.25.ffn_gate_shex ( 576K) [CUDA0         ]            node_1828 (  16K) [CUDA0         ]
node #1846 (      SILU):            node_1846 (   4K) [CUDA0         ] use=1,c=1:            node_1845 (   4K) [CUDA0         ]
node #1847 (   MUL_MAT):            node_1847 (   4K) [CUDA0         ] use=1,c=1: blk.25.ffn_up_shexp. ( 576K) [CUDA0         ]            node_1828 (  16K) [CUDA0         ]
node #1848 (       MUL):            node_1848 (   4K) [CUDA0         ] use=1,c=1:            node_1846 (   4K) [CUDA0         ]            node_1847 (   4K) [CUDA0         ]
node #1849 (   MUL_MAT):            node_1849 (  16K) [CUDA0         ] use=1,c=1: blk.25.ffn_down_shex ( 840K) [CUDA0         ]            node_1848 (   4K) [CUDA0         ]
node #1850 (   MUL_MAT):            node_1850 (   0K) [CUDA0         ] use=1,c=1: blk.25.ffn_gate_inp_ (   8K) [CUDA0         ]            node_1828 (  16K) [CUDA0         ]
node #1851 (   SIGMOID):            node_1851 (   0K) [CUDA0         ] use=1,c=1:            node_1850 (   0K) [CUDA0         ]
node #1852 (       MUL):            node_1852 (  16K) [CUDA0         ] use=1,c=1:            node_1849 (  16K) [CUDA0         ]            node_1851 (   0K) [CUDA0         ]
node #1853 (       ADD):            node_1853 (  16K) [CUDA0         ] use=1,c=1:           (reshaped) (  16K) [CUDA0         ]            node_1852 (  16K) [CUDA0         ]
node #1854 (       ADD):            node_1854 (  16K) [CUDA0         ] use=2,c=1:            node_1826 (  16K) [CUDA0         ]            node_1853 (  16K) [CUDA0         ]
node #1856 (  RMS_NORM):            node_1856 (  16K) [CUDA0         ] use=1,c=1:            node_1854 (  16K) [CUDA0         ]
node #1857 (       MUL):            node_1857 (  16K) [CUDA0         ] use=4,c=1:            node_1856 (  16K) [CUDA0         ] blk.26.attn_norm.wei (   8K) [CUDA0         ]
node #1858 (   MUL_MAT):            node_1858 (  64K) [CUDA0         ] use=1,c=1: blk.26.attn_qkv.weig (   9M) [CUDA0         ]            node_1857 (  16K) [CUDA0         ]
node #1860 (      CONT):  (transposed) (cont) (  64K) [CUDA0         ] use=1,c=1:         (transposed) (  64K) [CUDA0         ]
node #1861 (    CONCAT):            node_1861 ( 160K) [CUDA0         ] use=1,c=1:  CUDA0# (reshaped)#0 (  96K) [ NULL         ]  (transposed) (cont) (  64K) [CUDA0         ]
node #1863 (  SSM_CONV):            node_1863 (  64K) [CUDA0         ] use=1,c=1:           (reshaped) ( 160K) [CUDA0         ] blk.26.ssm_conv1d.we ( 128K) [CUDA0         ]
node #1864 (      SILU):            node_1864 (  64K) [CUDA0         ] use=1,c=1:            node_1863 (  64K) [CUDA0         ]
node #1867 (      CONT):  (reshaped) (view) ( (  16K) [CUDA0         ] use=1,c=1:    (reshaped) (view) (  40K) [CUDA0         ]
node #1869 (   L2_NORM):            node_1869 (  16K) [CUDA0         ] use=1,c=1:  (reshaped) (view) ( (  16K) [CUDA0         ]
node #1870 (    REPEAT):            node_1870 (  32K) [CUDA0         ] use=1,c=1:            node_1869 (  16K) [CUDA0         ]
node #1871 (     SCALE):            node_1871 (  32K) [CUDA0         ] use=1,c=1:            node_1870 (  32K) [CUDA0         ]
node #1873 (      CONT):  (reshaped) (view) ( (  16K) [CUDA0         ] use=1,c=1:    (reshaped) (view) (  40K) [CUDA0         ]
node #1875 (   L2_NORM):            node_1875 (  16K) [CUDA0         ] use=1,c=1:  (reshaped) (view) ( (  16K) [CUDA0         ]
node #1876 (    REPEAT):            node_1876 (  32K) [CUDA0         ] use=1,c=1:            node_1875 (  16K) [CUDA0         ]
node #1878 (      CONT):  (reshaped) (view) ( (  32K) [CUDA0         ] use=1,c=1:    (reshaped) (view) (  48K) [CUDA0         ]
node #1880 (   MUL_MAT):            node_1880 (   0K) [CUDA0         ] use=1,c=1: blk.26.ssm_alpha.wei (  36K) [CUDA0         ]            node_1857 (  16K) [CUDA0         ]
node #1881 (       ADD):            node_1881 (   0K) [CUDA0         ] use=1,c=1:            node_1880 (   0K) [CUDA0         ]   blk.26.ssm_dt.bias (   0K) [CUDA0         ]
node #1882 (  SOFTPLUS):            node_1882 (   0K) [CUDA0         ] use=1,c=1:            node_1881 (   0K) [CUDA0         ]
node #1883 (       MUL):            node_1883 (   0K) [CUDA0         ] use=1,c=1:            node_1882 (   0K) [CUDA0         ]         blk.26.ssm_a (   0K) [CUDA0         ]
node #1885 (   MUL_MAT):            node_1885 (   0K) [CUDA0         ] use=1,c=1: blk.26.ssm_beta.weig (  36K) [CUDA0         ]            node_1857 (  16K) [CUDA0         ]
node #1886 (   SIGMOID):            node_1886 (   0K) [CUDA0         ] use=1,c=1:            node_1885 (   0K) [CUDA0         ]
node #1889 (GATED_DELT):            node_1889 (   2M) [CUDA0         ] use=2,c=1:            node_1871 (  32K) [CUDA0         ]            node_1876 (  32K) [CUDA0         ]  (reshaped) (view) ( (  32K) [CUDA0         ]           (reshaped) (   0K) [CUDA0         ]           (reshaped) (   0K) [CUDA0         ]  CUDA0# (reshaped)#0 (   2M) [ NULL         ]
node #1891 (      CONT):        (view) (cont) (  32K) [CUDA0         ] use=1,c=1:               (view) (  32K) [CUDA0         ]
node #1893 (  RMS_NORM):            node_1893 (  32K) [CUDA0         ] use=1,c=1:  (view) (cont) (resh (  32K) [CUDA0         ]
node #1894 (       MUL):            node_1894 (  32K) [CUDA0         ] use=1,c=1:            node_1893 (  32K) [CUDA0         ] blk.26.ssm_norm.weig (   0K) [CUDA0         ]
node #1895 (   MUL_MAT):            node_1895 (  32K) [CUDA0         ] use=1,c=1: blk.26.attn_gate.wei (   4M) [CUDA0         ]            node_1857 (  16K) [CUDA0         ]
node #1897 (      SILU):            node_1897 (  32K) [CUDA0         ] use=1,c=1:           (reshaped) (  32K) [CUDA0         ]
node #1898 (       MUL):            node_1898 (  32K) [CUDA0         ] use=1,c=1:            node_1894 (  32K) [CUDA0         ]            node_1897 (  32K) [CUDA0         ]
node #1900 (   MUL_MAT):            node_1900 (  16K) [CUDA0         ] use=1,c=1: blk.26.ssm_out.weigh (   4M) [CUDA0         ]           (reshaped) (  32K) [CUDA0         ]
node #1901 (       ADD):            node_1901 (  16K) [CUDA0         ] use=2,c=1:            node_1854 (  16K) [CUDA0         ]            node_1900 (  16K) [CUDA0         ]
node #1902 (  RMS_NORM):            node_1902 (  16K) [CUDA0         ] use=1,c=1:            node_1901 (  16K) [CUDA0         ]
node #1903 (       MUL):            node_1903 (  16K) [CUDA0         ] use=5,c=1:            node_1902 (  16K) [CUDA0         ] blk.26.post_attentio (   8K) [CUDA0         ]
node #1905 (   MUL_MAT):            node_1905 (   2K) [CUDA0         ] use=1,c=1: blk.26.ffn_gate_inp. (   2M) [CUDA0         ]            node_1903 (  16K) [CUDA0         ]
node #1906 (  SOFT_MAX):            node_1906 (   2K) [CUDA0         ] use=2,c=1:            node_1905 (   2K) [CUDA0         ]
node #1907 (     TOP_K):            node_1907 (   0K) [CUDA0         ] use=4,c=1:            node_1906 (   2K) [CUDA0         ]
node #1908 (MUL_MAT_ID):            node_1908 (  32K) [CUDA0         ] use=1,c=1: blk.26.ffn_gate_exps ( 144M) [CUDA0         ]           (reshaped) (  16K) [CUDA0         ]            node_1907 (   0K) [CUDA0         ]
node #1909 (      SILU):            node_1909 (  32K) [CUDA0         ] use=1,c=1:            node_1908 (  32K) [CUDA0         ]
node #1910 (MUL_MAT_ID):            node_1910 (  32K) [CUDA0         ] use=1,c=1: blk.26.ffn_up_exps.w ( 144M) [CUDA0         ]           (reshaped) (  16K) [CUDA0         ]            node_1907 (   0K) [CUDA0         ]
node #1911 (       MUL):            node_1911 (  32K) [CUDA0         ] use=1,c=1:            node_1909 (  32K) [CUDA0         ]            node_1910 (  32K) [CUDA0         ]
node #1912 (MUL_MAT_ID):            node_1912 ( 128K) [CUDA0         ] use=1,c=1: blk.26.ffn_down_exps ( 144M) [CUDA0         ]            node_1911 (  32K) [CUDA0         ]            node_1907 (   0K) [CUDA0         ]
node #1914 (  GET_ROWS):            node_1914 (   0K) [CUDA0         ] use=1,c=1:           (reshaped) (   2K) [CUDA0         ]            node_1907 (   0K) [CUDA0         ]
node #1915 (       MUL):            node_1915 ( 128K) [CUDA0         ] use=1,c=1:            node_1912 ( 128K) [CUDA0         ]            node_1914 (   0K) [CUDA0         ]
node #1917 (      CONT):    (permuted) (cont) ( 128K) [CUDA0         ] use=1,c=1:           (permuted) ( 128K) [CUDA0         ]
node #1918 (  SUM_ROWS):            node_1918 (  16K) [CUDA0         ] use=1,c=1:    (permuted) (cont) ( 128K) [CUDA0         ]
node #1920 (   MUL_MAT):            node_1920 (   4K) [CUDA0         ] use=1,c=1: blk.26.ffn_gate_shex ( 576K) [CUDA0         ]            node_1903 (  16K) [CUDA0         ]
node #1921 (      SILU):            node_1921 (   4K) [CUDA0         ] use=1,c=1:            node_1920 (   4K) [CUDA0         ]
node #1922 (   MUL_MAT):            node_1922 (   4K) [CUDA0         ] use=1,c=1: blk.26.ffn_up_shexp. ( 576K) [CUDA0         ]            node_1903 (  16K) [CUDA0         ]
node #1923 (       MUL):            node_1923 (   4K) [CUDA0         ] use=1,c=1:            node_1921 (   4K) [CUDA0         ]            node_1922 (   4K) [CUDA0         ]
node #1924 (   MUL_MAT):            node_1924 (  16K) [CUDA0         ] use=1,c=1: blk.26.ffn_down_shex ( 576K) [CUDA0         ]            node_1923 (   4K) [CUDA0         ]
node #1925 (   MUL_MAT):            node_1925 (   0K) [CUDA0         ] use=1,c=1: blk.26.ffn_gate_inp_ (   8K) [CUDA0         ]            node_1903 (  16K) [CUDA0         ]
node #1926 (   SIGMOID):            node_1926 (   0K) [CUDA0         ] use=1,c=1:            node_1925 (   0K) [CUDA0         ]
node #1927 (       MUL):            node_1927 (  16K) [CUDA0         ] use=1,c=1:            node_1924 (  16K) [CUDA0         ]            node_1926 (   0K) [CUDA0         ]
node #1928 (       ADD):            node_1928 (  16K) [CUDA0         ] use=1,c=1:           (reshaped) (  16K) [CUDA0         ]            node_1927 (  16K) [CUDA0         ]
node #1929 (       ADD):            node_1929 (  16K) [CUDA0         ] use=2,c=1:            node_1901 (  16K) [CUDA0         ]            node_1928 (  16K) [CUDA0         ]
node #1930 (  RMS_NORM):            node_1930 (  16K) [CUDA0         ] use=1,c=1:            node_1929 (  16K) [CUDA0         ]
node #1931 (       MUL):            node_1931 (  16K) [CUDA0         ] use=3,c=1:            node_1930 (  16K) [CUDA0         ] blk.27.attn_norm.wei (   8K) [CUDA0         ]
node #1932 (   MUL_MAT):            node_1932 (  64K) [CUDA0         ] use=1,c=1: blk.27.attn_q.weight (   9M) [CUDA0         ]            node_1931 (  16K) [CUDA0         ]
node #1935 (      CONT):  (reshaped) (view) ( (  32K) [CUDA0         ] use=1,c=1:    (reshaped) (view) (  63K) [CUDA0         ]
node #1936 (  RMS_NORM):            node_1936 (  32K) [CUDA0         ] use=1,c=1:  (reshaped) (view) ( (  32K) [CUDA0         ]
node #1937 (       MUL):            node_1937 (  32K) [CUDA0         ] use=1,c=1:            node_1936 (  32K) [CUDA0         ] blk.27.attn_q_norm.w (   1K) [CUDA0         ]

## SPLIT #38: CPU # 1 inputs: [node_1937 (  32K)] 
node #1938 (      ROPE):            node_1938 (  32K) [  CPU         ] use=1,c=1:      CPU#node_1937#0 (  32K) [ NULL         ]              leaf_70 (   0K) [  CPU         ]              leaf_71 (   0K) [  CPU         ]

## SPLIT #39: CUDA0 # 0 inputs
node #1940 (   MUL_MAT):            node_1940 (   4K) [CUDA0         ] use=1,c=1: blk.27.attn_k.weight ( 576K) [CUDA0         ]            node_1931 (  16K) [CUDA0         ]
node #1942 (  RMS_NORM):            node_1942 (   4K) [CUDA0         ] use=1,c=1:           (reshaped) (   4K) [CUDA0         ]
node #1943 (       MUL):            node_1943 (   4K) [CUDA0         ] use=1,c=1:            node_1942 (   4K) [CUDA0         ] blk.27.attn_k_norm.w (   1K) [CUDA0         ]

## SPLIT #40: CPU # 1 inputs: [node_1943 (   4K)] 
node #1944 (      ROPE):            node_1944 (   4K) [  CPU         ] use=1,c=1:      CPU#node_1943#0 (   4K) [ NULL         ]              leaf_70 (   0K) [  CPU         ]              leaf_71 (   0K) [  CPU         ]
node #1946 (       CPY):    (permuted) (copy) (   2K) [  CPU         ] use=2,c=1:           (permuted) (   4K) [  CPU         ]    (permuted) (copy) (   2K) [  CPU         ]

## SPLIT #41: CUDA0 # 0 inputs
node #1947 (   MUL_MAT):            node_1947 (   4K) [CUDA0         ] use=1,c=1: blk.27.attn_v.weight ( 576K) [CUDA0         ]            node_1931 (  16K) [CUDA0         ]
node #1949 (      CONT):    (reshaped) (cont) (   4K) [CUDA0         ] use=1,c=1:           (reshaped) (   4K) [CUDA0         ]
node #1951 (       CPY):  (reshaped) (cont) ( (   2K) [CUDA0         ] use=2,c=1:  (reshaped) (cont) ( (   4K) [CUDA0         ]  (reshaped) (cont) ( (   2K) [CUDA0         ]

## SPLIT #42: CPU # 1 inputs: [ (reshaped) (cont) (permuted) (copy) (   2K)] 
node #1952 (       CPY):               (copy) (   0K) [  CPU         ] use=2,c=1:              leaf_75 (   0K) [  CPU         ]               (copy) (   0K) [  CPU         ]
node #1953 (FLASH_ATTN):            node_1953 (  32K) [  CPU         ] use=1,c=1:           (permuted) (  32K) [  CPU         ]    (permuted) (copy) (   2K) [  CPU         ] CPU# (reshaped) (con (   2K) [ NULL         ]               (copy) (   0K) [  CPU         ]

## SPLIT #43: CUDA0 # 7 inputs: [node_1953 (  32K)] [ (reshaped) (  96K)] [ (reshaped) (   2M)] [ (reshaped) (  96K)] [ (reshaped) (   2M)] [ (reshaped) (  96K)] [ (reshaped) (   2M)] 
node #1955 (      CONT):  (reshaped) (view) ( (  32K) [CUDA0         ] use=1,c=1:    (reshaped) (view) (  63K) [CUDA0         ]
node #1956 (   SIGMOID):            node_1956 (  32K) [CUDA0         ] use=1,c=1:  (reshaped) (view) ( (  32K) [CUDA0         ]
node #1957 (       MUL):            node_1957 (  32K) [CUDA0         ] use=1,c=1:    CUDA0#node_1953#0 (  32K) [ NULL         ]            node_1956 (  32K) [CUDA0         ]
node #1959 (   MUL_MAT):            node_1959 (  16K) [CUDA0         ] use=1,c=1: blk.27.attn_output.w (   4M) [CUDA0         ]           (reshaped) (  32K) [CUDA0         ]
node #1960 (       ADD):            node_1960 (  16K) [CUDA0         ] use=2,c=1:            node_1929 (  16K) [CUDA0         ]            node_1959 (  16K) [CUDA0         ]
node #1961 (  RMS_NORM):            node_1961 (  16K) [CUDA0         ] use=1,c=1:            node_1960 (  16K) [CUDA0         ]
node #1962 (       MUL):            node_1962 (  16K) [CUDA0         ] use=5,c=1:            node_1961 (  16K) [CUDA0         ] blk.27.post_attentio (   8K) [CUDA0         ]
node #1964 (   MUL_MAT):            node_1964 (   2K) [CUDA0         ] use=1,c=1: blk.27.ffn_gate_inp. (   2M) [CUDA0         ]            node_1962 (  16K) [CUDA0         ]
node #1965 (  SOFT_MAX):            node_1965 (   2K) [CUDA0         ] use=2,c=1:            node_1964 (   2K) [CUDA0         ]
node #1966 (     TOP_K):            node_1966 (   0K) [CUDA0         ] use=4,c=1:            node_1965 (   2K) [CUDA0         ]
node #1967 (MUL_MAT_ID):            node_1967 (  32K) [CUDA0         ] use=1,c=1: blk.27.ffn_gate_exps ( 144M) [CUDA0         ]           (reshaped) (  16K) [CUDA0         ]            node_1966 (   0K) [CUDA0         ]
node #1968 (      SILU):            node_1968 (  32K) [CUDA0         ] use=1,c=1:            node_1967 (  32K) [CUDA0         ]
node #1969 (MUL_MAT_ID):            node_1969 (  32K) [CUDA0         ] use=1,c=1: blk.27.ffn_up_exps.w ( 144M) [CUDA0         ]           (reshaped) (  16K) [CUDA0         ]            node_1966 (   0K) [CUDA0         ]
node #1970 (       MUL):            node_1970 (  32K) [CUDA0         ] use=1,c=1:            node_1968 (  32K) [CUDA0         ]            node_1969 (  32K) [CUDA0         ]
node #1971 (MUL_MAT_ID):            node_1971 ( 128K) [CUDA0         ] use=1,c=1: blk.27.ffn_down_exps ( 144M) [CUDA0         ]            node_1970 (  32K) [CUDA0         ]            node_1966 (   0K) [CUDA0         ]
node #1973 (  GET_ROWS):            node_1973 (   0K) [CUDA0         ] use=1,c=1:           (reshaped) (   2K) [CUDA0         ]            node_1966 (   0K) [CUDA0         ]
node #1974 (       MUL):            node_1974 ( 128K) [CUDA0         ] use=1,c=1:            node_1971 ( 128K) [CUDA0         ]            node_1973 (   0K) [CUDA0         ]
node #1976 (      CONT):    (permuted) (cont) ( 128K) [CUDA0         ] use=1,c=1:           (permuted) ( 128K) [CUDA0         ]
node #1977 (  SUM_ROWS):            node_1977 (  16K) [CUDA0         ] use=1,c=1:    (permuted) (cont) ( 128K) [CUDA0         ]
node #1979 (   MUL_MAT):            node_1979 (   4K) [CUDA0         ] use=1,c=1: blk.27.ffn_gate_shex ( 576K) [CUDA0         ]            node_1962 (  16K) [CUDA0         ]
node #1980 (      SILU):            node_1980 (   4K) [CUDA0         ] use=1,c=1:            node_1979 (   4K) [CUDA0         ]
node #1981 (   MUL_MAT):            node_1981 (   4K) [CUDA0         ] use=1,c=1: blk.27.ffn_up_shexp. ( 576K) [CUDA0         ]            node_1962 (  16K) [CUDA0         ]
node #1982 (       MUL):            node_1982 (   4K) [CUDA0         ] use=1,c=1:            node_1980 (   4K) [CUDA0         ]            node_1981 (   4K) [CUDA0         ]
node #1983 (   MUL_MAT):            node_1983 (  16K) [CUDA0         ] use=1,c=1: blk.27.ffn_down_shex ( 576K) [CUDA0         ]            node_1982 (   4K) [CUDA0         ]
node #1984 (   MUL_MAT):            node_1984 (   0K) [CUDA0         ] use=1,c=1: blk.27.ffn_gate_inp_ (   8K) [CUDA0         ]            node_1962 (  16K) [CUDA0         ]
node #1985 (   SIGMOID):            node_1985 (   0K) [CUDA0         ] use=1,c=1:            node_1984 (   0K) [CUDA0         ]
node #1986 (       MUL):            node_1986 (  16K) [CUDA0         ] use=1,c=1:            node_1983 (  16K) [CUDA0         ]            node_1985 (   0K) [CUDA0         ]
node #1987 (       ADD):            node_1987 (  16K) [CUDA0         ] use=1,c=1:           (reshaped) (  16K) [CUDA0         ]            node_1986 (  16K) [CUDA0         ]
node #1988 (       ADD):            node_1988 (  16K) [CUDA0         ] use=2,c=1:            node_1960 (  16K) [CUDA0         ]            node_1987 (  16K) [CUDA0         ]
node #1990 (  RMS_NORM):            node_1990 (  16K) [CUDA0         ] use=1,c=1:            node_1988 (  16K) [CUDA0         ]
node #1991 (       MUL):            node_1991 (  16K) [CUDA0         ] use=4,c=1:            node_1990 (  16K) [CUDA0         ] blk.28.attn_norm.wei (   8K) [CUDA0         ]
node #1992 (   MUL_MAT):            node_1992 (  64K) [CUDA0         ] use=1,c=1: blk.28.attn_qkv.weig (  13M) [CUDA0         ]            node_1991 (  16K) [CUDA0         ]
node #1994 (      CONT):  (transposed) (cont) (  64K) [CUDA0         ] use=1,c=1:         (transposed) (  64K) [CUDA0         ]
node #1995 (    CONCAT):            node_1995 ( 160K) [CUDA0         ] use=1,c=1:  CUDA0# (reshaped)#0 (  96K) [ NULL         ]  (transposed) (cont) (  64K) [CUDA0         ]
node #1997 (  SSM_CONV):            node_1997 (  64K) [CUDA0         ] use=1,c=1:           (reshaped) ( 160K) [CUDA0         ] blk.28.ssm_conv1d.we ( 128K) [CUDA0         ]
node #1998 (      SILU):            node_1998 (  64K) [CUDA0         ] use=1,c=1:            node_1997 (  64K) [CUDA0         ]
node #2001 (      CONT):  (reshaped) (view) ( (  16K) [CUDA0         ] use=1,c=1:    (reshaped) (view) (  40K) [CUDA0         ]
node #2003 (   L2_NORM):            node_2003 (  16K) [CUDA0         ] use=1,c=1:  (reshaped) (view) ( (  16K) [CUDA0         ]
node #2004 (    REPEAT):            node_2004 (  32K) [CUDA0         ] use=1,c=1:            node_2003 (  16K) [CUDA0         ]
node #2005 (     SCALE):            node_2005 (  32K) [CUDA0         ] use=1,c=1:            node_2004 (  32K) [CUDA0         ]
node #2007 (      CONT):  (reshaped) (view) ( (  16K) [CUDA0         ] use=1,c=1:    (reshaped) (view) (  40K) [CUDA0         ]
node #2009 (   L2_NORM):            node_2009 (  16K) [CUDA0         ] use=1,c=1:  (reshaped) (view) ( (  16K) [CUDA0         ]
node #2010 (    REPEAT):            node_2010 (  32K) [CUDA0         ] use=1,c=1:            node_2009 (  16K) [CUDA0         ]
node #2012 (      CONT):  (reshaped) (view) ( (  32K) [CUDA0         ] use=1,c=1:    (reshaped) (view) (  48K) [CUDA0         ]
node #2014 (   MUL_MAT):            node_2014 (   0K) [CUDA0         ] use=1,c=1: blk.28.ssm_alpha.wei (  36K) [CUDA0         ]            node_1991 (  16K) [CUDA0         ]
node #2015 (       ADD):            node_2015 (   0K) [CUDA0         ] use=1,c=1:            node_2014 (   0K) [CUDA0         ]   blk.28.ssm_dt.bias (   0K) [CUDA0         ]
node #2016 (  SOFTPLUS):            node_2016 (   0K) [CUDA0         ] use=1,c=1:            node_2015 (   0K) [CUDA0         ]
node #2017 (       MUL):            node_2017 (   0K) [CUDA0         ] use=1,c=1:            node_2016 (   0K) [CUDA0         ]         blk.28.ssm_a (   0K) [CUDA0         ]
node #2019 (   MUL_MAT):            node_2019 (   0K) [CUDA0         ] use=1,c=1: blk.28.ssm_beta.weig (  36K) [CUDA0         ]            node_1991 (  16K) [CUDA0         ]
node #2020 (   SIGMOID):            node_2020 (   0K) [CUDA0         ] use=1,c=1:            node_2019 (   0K) [CUDA0         ]
node #2023 (GATED_DELT):            node_2023 (   2M) [CUDA0         ] use=2,c=1:            node_2005 (  32K) [CUDA0         ]            node_2010 (  32K) [CUDA0         ]  (reshaped) (view) ( (  32K) [CUDA0         ]           (reshaped) (   0K) [CUDA0         ]           (reshaped) (   0K) [CUDA0         ]  CUDA0# (reshaped)#0 (   2M) [ NULL         ]
node #2025 (      CONT):        (view) (cont) (  32K) [CUDA0         ] use=1,c=1:               (view) (  32K) [CUDA0         ]
node #2027 (  RMS_NORM):            node_2027 (  32K) [CUDA0         ] use=1,c=1:  (view) (cont) (resh (  32K) [CUDA0         ]
node #2028 (       MUL):            node_2028 (  32K) [CUDA0         ] use=1,c=1:            node_2027 (  32K) [CUDA0         ] blk.28.ssm_norm.weig (   0K) [CUDA0         ]
node #2029 (   MUL_MAT):            node_2029 (  32K) [CUDA0         ] use=1,c=1: blk.28.attn_gate.wei (   4M) [CUDA0         ]            node_1991 (  16K) [CUDA0         ]
node #2031 (      SILU):            node_2031 (  32K) [CUDA0         ] use=1,c=1:           (reshaped) (  32K) [CUDA0         ]
node #2032 (       MUL):            node_2032 (  32K) [CUDA0         ] use=1,c=1:            node_2028 (  32K) [CUDA0         ]            node_2031 (  32K) [CUDA0         ]
node #2034 (   MUL_MAT):            node_2034 (  16K) [CUDA0         ] use=1,c=1: blk.28.ssm_out.weigh (   4M) [CUDA0         ]           (reshaped) (  32K) [CUDA0         ]
node #2035 (       ADD):            node_2035 (  16K) [CUDA0         ] use=2,c=1:            node_1988 (  16K) [CUDA0         ]            node_2034 (  16K) [CUDA0         ]
node #2036 (  RMS_NORM):            node_2036 (  16K) [CUDA0         ] use=1,c=1:            node_2035 (  16K) [CUDA0         ]
node #2037 (       MUL):            node_2037 (  16K) [CUDA0         ] use=5,c=1:            node_2036 (  16K) [CUDA0         ] blk.28.post_attentio (   8K) [CUDA0         ]
node #2039 (   MUL_MAT):            node_2039 (   2K) [CUDA0         ] use=1,c=1: blk.28.ffn_gate_inp. (   2M) [CUDA0         ]            node_2037 (  16K) [CUDA0         ]
node #2040 (  SOFT_MAX):            node_2040 (   2K) [CUDA0         ] use=2,c=1:            node_2039 (   2K) [CUDA0         ]
node #2041 (     TOP_K):            node_2041 (   0K) [CUDA0         ] use=4,c=1:            node_2040 (   2K) [CUDA0         ]
node #2042 (MUL_MAT_ID):            node_2042 (  32K) [CUDA0         ] use=1,c=1: blk.28.ffn_gate_exps ( 144M) [CUDA0         ]           (reshaped) (  16K) [CUDA0         ]            node_2041 (   0K) [CUDA0         ]
node #2043 (      SILU):            node_2043 (  32K) [CUDA0         ] use=1,c=1:            node_2042 (  32K) [CUDA0         ]
node #2044 (MUL_MAT_ID):            node_2044 (  32K) [CUDA0         ] use=1,c=1: blk.28.ffn_up_exps.w ( 144M) [CUDA0         ]           (reshaped) (  16K) [CUDA0         ]            node_2041 (   0K) [CUDA0         ]
node #2045 (       MUL):            node_2045 (  32K) [CUDA0         ] use=1,c=1:            node_2043 (  32K) [CUDA0         ]            node_2044 (  32K) [CUDA0         ]
node #2046 (MUL_MAT_ID):            node_2046 ( 128K) [CUDA0         ] use=1,c=1: blk.28.ffn_down_exps ( 210M) [CUDA0         ]            node_2045 (  32K) [CUDA0         ]            node_2041 (   0K) [CUDA0         ]
node #2048 (  GET_ROWS):            node_2048 (   0K) [CUDA0         ] use=1,c=1:           (reshaped) (   2K) [CUDA0         ]            node_2041 (   0K) [CUDA0         ]
node #2049 (       MUL):            node_2049 ( 128K) [CUDA0         ] use=1,c=1:            node_2046 ( 128K) [CUDA0         ]            node_2048 (   0K) [CUDA0         ]
node #2051 (      CONT):    (permuted) (cont) ( 128K) [CUDA0         ] use=1,c=1:           (permuted) ( 128K) [CUDA0         ]
node #2052 (  SUM_ROWS):            node_2052 (  16K) [CUDA0         ] use=1,c=1:    (permuted) (cont) ( 128K) [CUDA0         ]
node #2054 (   MUL_MAT):            node_2054 (   4K) [CUDA0         ] use=1,c=1: blk.28.ffn_gate_shex ( 576K) [CUDA0         ]            node_2037 (  16K) [CUDA0         ]
node #2055 (      SILU):            node_2055 (   4K) [CUDA0         ] use=1,c=1:            node_2054 (   4K) [CUDA0         ]
node #2056 (   MUL_MAT):            node_2056 (   4K) [CUDA0         ] use=1,c=1: blk.28.ffn_up_shexp. ( 576K) [CUDA0         ]            node_2037 (  16K) [CUDA0         ]
node #2057 (       MUL):            node_2057 (   4K) [CUDA0         ] use=1,c=1:            node_2055 (   4K) [CUDA0         ]            node_2056 (   4K) [CUDA0         ]
node #2058 (   MUL_MAT):            node_2058 (  16K) [CUDA0         ] use=1,c=1: blk.28.ffn_down_shex ( 840K) [CUDA0         ]            node_2057 (   4K) [CUDA0         ]
node #2059 (   MUL_MAT):            node_2059 (   0K) [CUDA0         ] use=1,c=1: blk.28.ffn_gate_inp_ (   8K) [CUDA0         ]            node_2037 (  16K) [CUDA0         ]
node #2060 (   SIGMOID):            node_2060 (   0K) [CUDA0         ] use=1,c=1:            node_2059 (   0K) [CUDA0         ]
node #2061 (       MUL):            node_2061 (  16K) [CUDA0         ] use=1,c=1:            node_2058 (  16K) [CUDA0         ]            node_2060 (   0K) [CUDA0         ]
node #2062 (       ADD):            node_2062 (  16K) [CUDA0         ] use=1,c=1:           (reshaped) (  16K) [CUDA0         ]            node_2061 (  16K) [CUDA0         ]
node #2063 (       ADD):            node_2063 (  16K) [CUDA0         ] use=2,c=1:            node_2035 (  16K) [CUDA0         ]            node_2062 (  16K) [CUDA0         ]
node #2065 (  RMS_NORM):            node_2065 (  16K) [CUDA0         ] use=1,c=1:            node_2063 (  16K) [CUDA0         ]
node #2066 (       MUL):            node_2066 (  16K) [CUDA0         ] use=4,c=1:            node_2065 (  16K) [CUDA0         ] blk.29.attn_norm.wei (   8K) [CUDA0         ]
node #2067 (   MUL_MAT):            node_2067 (  64K) [CUDA0         ] use=1,c=1: blk.29.attn_qkv.weig (   9M) [CUDA0         ]            node_2066 (  16K) [CUDA0         ]
node #2069 (      CONT):  (transposed) (cont) (  64K) [CUDA0         ] use=1,c=1:         (transposed) (  64K) [CUDA0         ]
node #2070 (    CONCAT):            node_2070 ( 160K) [CUDA0         ] use=1,c=1:  CUDA0# (reshaped)#0 (  96K) [ NULL         ]  (transposed) (cont) (  64K) [CUDA0         ]
node #2072 (  SSM_CONV):            node_2072 (  64K) [CUDA0         ] use=1,c=1:           (reshaped) ( 160K) [CUDA0         ] blk.29.ssm_conv1d.we ( 128K) [CUDA0         ]
node #2073 (      SILU):            node_2073 (  64K) [CUDA0         ] use=1,c=1:            node_2072 (  64K) [CUDA0         ]
node #2076 (      CONT):  (reshaped) (view) ( (  16K) [CUDA0         ] use=1,c=1:    (reshaped) (view) (  40K) [CUDA0         ]
node #2078 (   L2_NORM):            node_2078 (  16K) [CUDA0         ] use=1,c=1:  (reshaped) (view) ( (  16K) [CUDA0         ]
node #2079 (    REPEAT):            node_2079 (  32K) [CUDA0         ] use=1,c=1:            node_2078 (  16K) [CUDA0         ]
node #2080 (     SCALE):            node_2080 (  32K) [CUDA0         ] use=1,c=1:            node_2079 (  32K) [CUDA0         ]
node #2082 (      CONT):  (reshaped) (view) ( (  16K) [CUDA0         ] use=1,c=1:    (reshaped) (view) (  40K) [CUDA0         ]
node #2084 (   L2_NORM):            node_2084 (  16K) [CUDA0         ] use=1,c=1:  (reshaped) (view) ( (  16K) [CUDA0         ]
node #2085 (    REPEAT):            node_2085 (  32K) [CUDA0         ] use=1,c=1:            node_2084 (  16K) [CUDA0         ]
node #2087 (      CONT):  (reshaped) (view) ( (  32K) [CUDA0         ] use=1,c=1:    (reshaped) (view) (  48K) [CUDA0         ]
node #2089 (   MUL_MAT):            node_2089 (   0K) [CUDA0         ] use=1,c=1: blk.29.ssm_alpha.wei (  36K) [CUDA0         ]            node_2066 (  16K) [CUDA0         ]
node #2090 (       ADD):            node_2090 (   0K) [CUDA0         ] use=1,c=1:            node_2089 (   0K) [CUDA0         ]   blk.29.ssm_dt.bias (   0K) [CUDA0         ]
node #2091 (  SOFTPLUS):            node_2091 (   0K) [CUDA0         ] use=1,c=1:            node_2090 (   0K) [CUDA0         ]
node #2092 (       MUL):            node_2092 (   0K) [CUDA0         ] use=1,c=1:            node_2091 (   0K) [CUDA0         ]         blk.29.ssm_a (   0K) [CUDA0         ]
node #2094 (   MUL_MAT):            node_2094 (   0K) [CUDA0         ] use=1,c=1: blk.29.ssm_beta.weig (  36K) [CUDA0         ]            node_2066 (  16K) [CUDA0         ]
node #2095 (   SIGMOID):            node_2095 (   0K) [CUDA0         ] use=1,c=1:            node_2094 (   0K) [CUDA0         ]
node #2098 (GATED_DELT):            node_2098 (   2M) [CUDA0         ] use=2,c=1:            node_2080 (  32K) [CUDA0         ]            node_2085 (  32K) [CUDA0         ]  (reshaped) (view) ( (  32K) [CUDA0         ]           (reshaped) (   0K) [CUDA0         ]           (reshaped) (   0K) [CUDA0         ]  CUDA0# (reshaped)#0 (   2M) [ NULL         ]
node #2100 (      CONT):        (view) (cont) (  32K) [CUDA0         ] use=1,c=1:               (view) (  32K) [CUDA0         ]
node #2102 (  RMS_NORM):            node_2102 (  32K) [CUDA0         ] use=1,c=1:  (view) (cont) (resh (  32K) [CUDA0         ]
node #2103 (       MUL):            node_2103 (  32K) [CUDA0         ] use=1,c=1:            node_2102 (  32K) [CUDA0         ] blk.29.ssm_norm.weig (   0K) [CUDA0         ]
node #2104 (   MUL_MAT):            node_2104 (  32K) [CUDA0         ] use=1,c=1: blk.29.attn_gate.wei (   4M) [CUDA0         ]            node_2066 (  16K) [CUDA0         ]
node #2106 (      SILU):            node_2106 (  32K) [CUDA0         ] use=1,c=1:           (reshaped) (  32K) [CUDA0         ]
node #2107 (       MUL):            node_2107 (  32K) [CUDA0         ] use=1,c=1:            node_2103 (  32K) [CUDA0         ]            node_2106 (  32K) [CUDA0         ]
node #2109 (   MUL_MAT):            node_2109 (  16K) [CUDA0         ] use=1,c=1: blk.29.ssm_out.weigh (   4M) [CUDA0         ]           (reshaped) (  32K) [CUDA0         ]
node #2110 (       ADD):            node_2110 (  16K) [CUDA0         ] use=2,c=1:            node_2063 (  16K) [CUDA0         ]            node_2109 (  16K) [CUDA0         ]
node #2111 (  RMS_NORM):            node_2111 (  16K) [CUDA0         ] use=1,c=1:            node_2110 (  16K) [CUDA0         ]
node #2112 (       MUL):            node_2112 (  16K) [CUDA0         ] use=5,c=1:            node_2111 (  16K) [CUDA0         ] blk.29.post_attentio (   8K) [CUDA0         ]
node #2114 (   MUL_MAT):            node_2114 (   2K) [CUDA0         ] use=1,c=1: blk.29.ffn_gate_inp. (   2M) [CUDA0         ]            node_2112 (  16K) [CUDA0         ]
node #2115 (  SOFT_MAX):            node_2115 (   2K) [CUDA0         ] use=2,c=1:            node_2114 (   2K) [CUDA0         ]
node #2116 (     TOP_K):            node_2116 (   0K) [CUDA0         ] use=4,c=1:            node_2115 (   2K) [CUDA0         ]
node #2117 (MUL_MAT_ID):            node_2117 (  32K) [CUDA0         ] use=1,c=1: blk.29.ffn_gate_exps ( 144M) [CUDA0         ]           (reshaped) (  16K) [CUDA0         ]            node_2116 (   0K) [CUDA0         ]
node #2118 (      SILU):            node_2118 (  32K) [CUDA0         ] use=1,c=1:            node_2117 (  32K) [CUDA0         ]
node #2119 (MUL_MAT_ID):            node_2119 (  32K) [CUDA0         ] use=1,c=1: blk.29.ffn_up_exps.w ( 144M) [CUDA0         ]           (reshaped) (  16K) [CUDA0         ]            node_2116 (   0K) [CUDA0         ]
node #2120 (       MUL):            node_2120 (  32K) [CUDA0         ] use=1,c=1:            node_2118 (  32K) [CUDA0         ]            node_2119 (  32K) [CUDA0         ]
node #2121 (MUL_MAT_ID):            node_2121 ( 128K) [CUDA0         ] use=1,c=1: blk.29.ffn_down_exps ( 144M) [CUDA0         ]            node_2120 (  32K) [CUDA0         ]            node_2116 (   0K) [CUDA0         ]
node #2123 (  GET_ROWS):            node_2123 (   0K) [CUDA0         ] use=1,c=1:           (reshaped) (   2K) [CUDA0         ]            node_2116 (   0K) [CUDA0         ]
node #2124 (       MUL):            node_2124 ( 128K) [CUDA0         ] use=1,c=1:            node_2121 ( 128K) [CUDA0         ]            node_2123 (   0K) [CUDA0         ]
node #2126 (      CONT):    (permuted) (cont) ( 128K) [CUDA0         ] use=1,c=1:           (permuted) ( 128K) [CUDA0         ]
node #2127 (  SUM_ROWS):            node_2127 (  16K) [CUDA0         ] use=1,c=1:    (permuted) (cont) ( 128K) [CUDA0         ]
node #2129 (   MUL_MAT):            node_2129 (   4K) [CUDA0         ] use=1,c=1: blk.29.ffn_gate_shex ( 576K) [CUDA0         ]            node_2112 (  16K) [CUDA0         ]
node #2130 (      SILU):            node_2130 (   4K) [CUDA0         ] use=1,c=1:            node_2129 (   4K) [CUDA0         ]
node #2131 (   MUL_MAT):            node_2131 (   4K) [CUDA0         ] use=1,c=1: blk.29.ffn_up_shexp. ( 576K) [CUDA0         ]            node_2112 (  16K) [CUDA0         ]
node #2132 (       MUL):            node_2132 (   4K) [CUDA0         ] use=1,c=1:            node_2130 (   4K) [CUDA0         ]            node_2131 (   4K) [CUDA0         ]
node #2133 (   MUL_MAT):            node_2133 (  16K) [CUDA0         ] use=1,c=1: blk.29.ffn_down_shex ( 576K) [CUDA0         ]            node_2132 (   4K) [CUDA0         ]
node #2134 (   MUL_MAT):            node_2134 (   0K) [CUDA0         ] use=1,c=1: blk.29.ffn_gate_inp_ (   8K) [CUDA0         ]            node_2112 (  16K) [CUDA0         ]
node #2135 (   SIGMOID):            node_2135 (   0K) [CUDA0         ] use=1,c=1:            node_2134 (   0K) [CUDA0         ]
node #2136 (       MUL):            node_2136 (  16K) [CUDA0         ] use=1,c=1:            node_2133 (  16K) [CUDA0         ]            node_2135 (   0K) [CUDA0         ]
node #2137 (       ADD):            node_2137 (  16K) [CUDA0         ] use=1,c=1:           (reshaped) (  16K) [CUDA0         ]            node_2136 (  16K) [CUDA0         ]
node #2138 (       ADD):            node_2138 (  16K) [CUDA0         ] use=2,c=1:            node_2110 (  16K) [CUDA0         ]            node_2137 (  16K) [CUDA0         ]
node #2140 (  RMS_NORM):            node_2140 (  16K) [CUDA0         ] use=1,c=1:            node_2138 (  16K) [CUDA0         ]
node #2141 (       MUL):            node_2141 (  16K) [CUDA0         ] use=4,c=1:            node_2140 (  16K) [CUDA0         ] blk.30.attn_norm.wei (   8K) [CUDA0         ]
node #2142 (   MUL_MAT):            node_2142 (  64K) [CUDA0         ] use=1,c=1: blk.30.attn_qkv.weig (   9M) [CUDA0         ]            node_2141 (  16K) [CUDA0         ]
node #2144 (      CONT):  (transposed) (cont) (  64K) [CUDA0         ] use=1,c=1:         (transposed) (  64K) [CUDA0         ]
node #2145 (    CONCAT):            node_2145 ( 160K) [CUDA0         ] use=1,c=1:  CUDA0# (reshaped)#0 (  96K) [ NULL         ]  (transposed) (cont) (  64K) [CUDA0         ]
node #2147 (  SSM_CONV):            node_2147 (  64K) [CUDA0         ] use=1,c=1:           (reshaped) ( 160K) [CUDA0         ] blk.30.ssm_conv1d.we ( 128K) [CUDA0         ]
node #2148 (      SILU):            node_2148 (  64K) [CUDA0         ] use=1,c=1:            node_2147 (  64K) [CUDA0         ]
node #2151 (      CONT):  (reshaped) (view) ( (  16K) [CUDA0         ] use=1,c=1:    (reshaped) (view) (  40K) [CUDA0         ]
node #2153 (   L2_NORM):            node_2153 (  16K) [CUDA0         ] use=1,c=1:  (reshaped) (view) ( (  16K) [CUDA0         ]
node #2154 (    REPEAT):            node_2154 (  32K) [CUDA0         ] use=1,c=1:            node_2153 (  16K) [CUDA0         ]
node #2155 (     SCALE):            node_2155 (  32K) [CUDA0         ] use=1,c=1:            node_2154 (  32K) [CUDA0         ]
node #2157 (      CONT):  (reshaped) (view) ( (  16K) [CUDA0         ] use=1,c=1:    (reshaped) (view) (  40K) [CUDA0         ]
node #2159 (   L2_NORM):            node_2159 (  16K) [CUDA0         ] use=1,c=1:  (reshaped) (view) ( (  16K) [CUDA0         ]
node #2160 (    REPEAT):            node_2160 (  32K) [CUDA0         ] use=1,c=1:            node_2159 (  16K) [CUDA0         ]
node #2162 (      CONT):  (reshaped) (view) ( (  32K) [CUDA0         ] use=1,c=1:    (reshaped) (view) (  48K) [CUDA0         ]
node #2164 (   MUL_MAT):            node_2164 (   0K) [CUDA0         ] use=1,c=1: blk.30.ssm_alpha.wei (  36K) [CUDA0         ]            node_2141 (  16K) [CUDA0         ]
node #2165 (       ADD):            node_2165 (   0K) [CUDA0         ] use=1,c=1:            node_2164 (   0K) [CUDA0         ]   blk.30.ssm_dt.bias (   0K) [CUDA0         ]
node #2166 (  SOFTPLUS):            node_2166 (   0K) [CUDA0         ] use=1,c=1:            node_2165 (   0K) [CUDA0         ]
node #2167 (       MUL):            node_2167 (   0K) [CUDA0         ] use=1,c=1:            node_2166 (   0K) [CUDA0         ]         blk.30.ssm_a (   0K) [CUDA0         ]
node #2169 (   MUL_MAT):            node_2169 (   0K) [CUDA0         ] use=1,c=1: blk.30.ssm_beta.weig (  36K) [CUDA0         ]            node_2141 (  16K) [CUDA0         ]
node #2170 (   SIGMOID):            node_2170 (   0K) [CUDA0         ] use=1,c=1:            node_2169 (   0K) [CUDA0         ]
node #2173 (GATED_DELT):            node_2173 (   2M) [CUDA0         ] use=2,c=1:            node_2155 (  32K) [CUDA0         ]            node_2160 (  32K) [CUDA0         ]  (reshaped) (view) ( (  32K) [CUDA0         ]           (reshaped) (   0K) [CUDA0         ]           (reshaped) (   0K) [CUDA0         ]  CUDA0# (reshaped)#0 (   2M) [ NULL         ]
node #2175 (      CONT):        (view) (cont) (  32K) [CUDA0         ] use=1,c=1:               (view) (  32K) [CUDA0         ]
node #2177 (  RMS_NORM):            node_2177 (  32K) [CUDA0         ] use=1,c=1:  (view) (cont) (resh (  32K) [CUDA0         ]
node #2178 (       MUL):            node_2178 (  32K) [CUDA0         ] use=1,c=1:            node_2177 (  32K) [CUDA0         ] blk.30.ssm_norm.weig (   0K) [CUDA0         ]
node #2179 (   MUL_MAT):            node_2179 (  32K) [CUDA0         ] use=1,c=1: blk.30.attn_gate.wei (   4M) [CUDA0         ]            node_2141 (  16K) [CUDA0         ]
node #2181 (      SILU):            node_2181 (  32K) [CUDA0         ] use=1,c=1:           (reshaped) (  32K) [CUDA0         ]
node #2182 (       MUL):            node_2182 (  32K) [CUDA0         ] use=1,c=1:            node_2178 (  32K) [CUDA0         ]            node_2181 (  32K) [CUDA0         ]
node #2184 (   MUL_MAT):            node_2184 (  16K) [CUDA0         ] use=1,c=1: blk.30.ssm_out.weigh (   4M) [CUDA0         ]           (reshaped) (  32K) [CUDA0         ]
node #2185 (       ADD):            node_2185 (  16K) [CUDA0         ] use=2,c=1:            node_2138 (  16K) [CUDA0         ]            node_2184 (  16K) [CUDA0         ]
node #2186 (  RMS_NORM):            node_2186 (  16K) [CUDA0         ] use=1,c=1:            node_2185 (  16K) [CUDA0         ]
node #2187 (       MUL):            node_2187 (  16K) [CUDA0         ] use=5,c=1:            node_2186 (  16K) [CUDA0         ] blk.30.post_attentio (   8K) [CUDA0         ]
node #2189 (   MUL_MAT):            node_2189 (   2K) [CUDA0         ] use=1,c=1: blk.30.ffn_gate_inp. (   2M) [CUDA0         ]            node_2187 (  16K) [CUDA0         ]
node #2190 (  SOFT_MAX):            node_2190 (   2K) [CUDA0         ] use=2,c=1:            node_2189 (   2K) [CUDA0         ]
node #2191 (     TOP_K):            node_2191 (   0K) [CUDA0         ] use=4,c=1:            node_2190 (   2K) [CUDA0         ]
node #2192 (MUL_MAT_ID):            node_2192 (  32K) [CUDA0         ] use=1,c=1: blk.30.ffn_gate_exps ( 144M) [CUDA0         ]           (reshaped) (  16K) [CUDA0         ]            node_2191 (   0K) [CUDA0         ]
node #2193 (      SILU):            node_2193 (  32K) [CUDA0         ] use=1,c=1:            node_2192 (  32K) [CUDA0         ]
node #2194 (MUL_MAT_ID):            node_2194 (  32K) [CUDA0         ] use=1,c=1: blk.30.ffn_up_exps.w ( 144M) [CUDA0         ]           (reshaped) (  16K) [CUDA0         ]            node_2191 (   0K) [CUDA0         ]
node #2195 (       MUL):            node_2195 (  32K) [CUDA0         ] use=1,c=1:            node_2193 (  32K) [CUDA0         ]            node_2194 (  32K) [CUDA0         ]
node #2196 (MUL_MAT_ID):            node_2196 ( 128K) [CUDA0         ] use=1,c=1: blk.30.ffn_down_exps ( 144M) [CUDA0         ]            node_2195 (  32K) [CUDA0         ]            node_2191 (   0K) [CUDA0         ]
node #2198 (  GET_ROWS):            node_2198 (   0K) [CUDA0         ] use=1,c=1:           (reshaped) (   2K) [CUDA0         ]            node_2191 (   0K) [CUDA0         ]
node #2199 (       MUL):            node_2199 ( 128K) [CUDA0         ] use=1,c=1:            node_2196 ( 128K) [CUDA0         ]            node_2198 (   0K) [CUDA0         ]
node #2201 (      CONT):    (permuted) (cont) ( 128K) [CUDA0         ] use=1,c=1:           (permuted) ( 128K) [CUDA0         ]
node #2202 (  SUM_ROWS):            node_2202 (  16K) [CUDA0         ] use=1,c=1:    (permuted) (cont) ( 128K) [CUDA0         ]
node #2204 (   MUL_MAT):            node_2204 (   4K) [CUDA0         ] use=1,c=1: blk.30.ffn_gate_shex ( 576K) [CUDA0         ]            node_2187 (  16K) [CUDA0         ]
node #2205 (      SILU):            node_2205 (   4K) [CUDA0         ] use=1,c=1:            node_2204 (   4K) [CUDA0         ]
node #2206 (   MUL_MAT):            node_2206 (   4K) [CUDA0         ] use=1,c=1: blk.30.ffn_up_shexp. ( 576K) [CUDA0         ]            node_2187 (  16K) [CUDA0         ]
node #2207 (       MUL):            node_2207 (   4K) [CUDA0         ] use=1,c=1:            node_2205 (   4K) [CUDA0         ]            node_2206 (   4K) [CUDA0         ]
node #2208 (   MUL_MAT):            node_2208 (  16K) [CUDA0         ] use=1,c=1: blk.30.ffn_down_shex ( 576K) [CUDA0         ]            node_2207 (   4K) [CUDA0         ]
node #2209 (   MUL_MAT):            node_2209 (   0K) [CUDA0         ] use=1,c=1: blk.30.ffn_gate_inp_ (   8K) [CUDA0         ]            node_2187 (  16K) [CUDA0         ]
node #2210 (   SIGMOID):            node_2210 (   0K) [CUDA0         ] use=1,c=1:            node_2209 (   0K) [CUDA0         ]
node #2211 (       MUL):            node_2211 (  16K) [CUDA0         ] use=1,c=1:            node_2208 (  16K) [CUDA0         ]            node_2210 (   0K) [CUDA0         ]
node #2212 (       ADD):            node_2212 (  16K) [CUDA0         ] use=1,c=1:           (reshaped) (  16K) [CUDA0         ]            node_2211 (  16K) [CUDA0         ]
node #2213 (       ADD):            node_2213 (  16K) [CUDA0         ] use=2,c=1:            node_2185 (  16K) [CUDA0         ]            node_2212 (  16K) [CUDA0         ]
node #2214 (  RMS_NORM):            node_2214 (  16K) [CUDA0         ] use=1,c=1:            node_2213 (  16K) [CUDA0         ]
node #2215 (       MUL):            node_2215 (  16K) [CUDA0         ] use=3,c=1:            node_2214 (  16K) [CUDA0         ] blk.31.attn_norm.wei (   8K) [CUDA0         ]
node #2216 (   MUL_MAT):            node_2216 (  64K) [CUDA0         ] use=1,c=1: blk.31.attn_q.weight (   9M) [CUDA0         ]            node_2215 (  16K) [CUDA0         ]
node #2219 (      CONT):  (reshaped) (view) ( (  32K) [CUDA0         ] use=1,c=1:    (reshaped) (view) (  63K) [CUDA0         ]
node #2220 (  RMS_NORM):            node_2220 (  32K) [CUDA0         ] use=1,c=1:  (reshaped) (view) ( (  32K) [CUDA0         ]
node #2221 (       MUL):            node_2221 (  32K) [CUDA0         ] use=1,c=1:            node_2220 (  32K) [CUDA0         ] blk.31.attn_q_norm.w (   1K) [CUDA0         ]

## SPLIT #44: CPU # 1 inputs: [node_2221 (  32K)] 
node #2222 (      ROPE):            node_2222 (  32K) [  CPU         ] use=1,c=1:      CPU#node_2221#0 (  32K) [ NULL         ]              leaf_70 (   0K) [  CPU         ]              leaf_71 (   0K) [  CPU         ]

## SPLIT #45: CUDA0 # 0 inputs
node #2224 (   MUL_MAT):            node_2224 (   4K) [CUDA0         ] use=1,c=1: blk.31.attn_k.weight ( 576K) [CUDA0         ]            node_2215 (  16K) [CUDA0         ]
node #2226 (  RMS_NORM):            node_2226 (   4K) [CUDA0         ] use=1,c=1:           (reshaped) (   4K) [CUDA0         ]
node #2227 (       MUL):            node_2227 (   4K) [CUDA0         ] use=1,c=1:            node_2226 (   4K) [CUDA0         ] blk.31.attn_k_norm.w (   1K) [CUDA0         ]

## SPLIT #46: CPU # 1 inputs: [node_2227 (   4K)] 
node #2228 (      ROPE):            node_2228 (   4K) [  CPU         ] use=1,c=1:      CPU#node_2227#0 (   4K) [ NULL         ]              leaf_70 (   0K) [  CPU         ]              leaf_71 (   0K) [  CPU         ]
node #2230 (       CPY):    (permuted) (copy) (   2K) [  CPU         ] use=2,c=1:           (permuted) (   4K) [  CPU         ]    (permuted) (copy) (   2K) [  CPU         ]

## SPLIT #47: CUDA0 # 0 inputs
node #2231 (   MUL_MAT):            node_2231 (   4K) [CUDA0         ] use=1,c=1: blk.31.attn_v.weight ( 840K) [CUDA0         ]            node_2215 (  16K) [CUDA0         ]
node #2233 (      CONT):    (reshaped) (cont) (   4K) [CUDA0         ] use=1,c=1:           (reshaped) (   4K) [CUDA0         ]
node #2235 (       CPY):  (reshaped) (cont) ( (   2K) [CUDA0         ] use=2,c=1:  (reshaped) (cont) ( (   4K) [CUDA0         ]  (reshaped) (cont) ( (   2K) [CUDA0         ]

## SPLIT #48: CPU # 1 inputs: [ (reshaped) (cont) (permuted) (copy) (   2K)] 
node #2236 (       CPY):               (copy) (   0K) [  CPU         ] use=2,c=1:              leaf_75 (   0K) [  CPU         ]               (copy) (   0K) [  CPU         ]
node #2237 (FLASH_ATTN):            node_2237 (  32K) [  CPU         ] use=1,c=1:           (permuted) (  32K) [  CPU         ]    (permuted) (copy) (   2K) [  CPU         ] CPU# (reshaped) (con (   2K) [ NULL         ]               (copy) (   0K) [  CPU         ]

## SPLIT #49: CUDA0 # 7 inputs: [node_2237 (  32K)] [ (reshaped) (  96K)] [ (reshaped) (   2M)] [ (reshaped) (  96K)] [ (reshaped) (   2M)] [ (reshaped) (  96K)] [ (reshaped) (   2M)] 
node #2239 (      CONT):  (reshaped) (view) ( (  32K) [CUDA0         ] use=1,c=1:    (reshaped) (view) (  63K) [CUDA0         ]
node #2240 (   SIGMOID):            node_2240 (  32K) [CUDA0         ] use=1,c=1:  (reshaped) (view) ( (  32K) [CUDA0         ]
node #2241 (       MUL):            node_2241 (  32K) [CUDA0         ] use=1,c=1:    CUDA0#node_2237#0 (  32K) [ NULL         ]            node_2240 (  32K) [CUDA0         ]
node #2243 (   MUL_MAT):            node_2243 (  16K) [CUDA0         ] use=1,c=1: blk.31.attn_output.w (   4M) [CUDA0         ]           (reshaped) (  32K) [CUDA0         ]
node #2244 (       ADD):            node_2244 (  16K) [CUDA0         ] use=2,c=1:            node_2213 (  16K) [CUDA0         ]            node_2243 (  16K) [CUDA0         ]
node #2245 (  RMS_NORM):            node_2245 (  16K) [CUDA0         ] use=1,c=1:            node_2244 (  16K) [CUDA0         ]
node #2246 (       MUL):            node_2246 (  16K) [CUDA0         ] use=5,c=1:            node_2245 (  16K) [CUDA0         ] blk.31.post_attentio (   8K) [CUDA0         ]
node #2248 (   MUL_MAT):            node_2248 (   2K) [CUDA0         ] use=1,c=1: blk.31.ffn_gate_inp. (   2M) [CUDA0         ]            node_2246 (  16K) [CUDA0         ]
node #2249 (  SOFT_MAX):            node_2249 (   2K) [CUDA0         ] use=2,c=1:            node_2248 (   2K) [CUDA0         ]
node #2250 (     TOP_K):            node_2250 (   0K) [CUDA0         ] use=4,c=1:            node_2249 (   2K) [CUDA0         ]
node #2251 (MUL_MAT_ID):            node_2251 (  32K) [CUDA0         ] use=1,c=1: blk.31.ffn_gate_exps ( 144M) [CUDA0         ]           (reshaped) (  16K) [CUDA0         ]            node_2250 (   0K) [CUDA0         ]
node #2252 (      SILU):            node_2252 (  32K) [CUDA0         ] use=1,c=1:            node_2251 (  32K) [CUDA0         ]
node #2253 (MUL_MAT_ID):            node_2253 (  32K) [CUDA0         ] use=1,c=1: blk.31.ffn_up_exps.w ( 144M) [CUDA0         ]           (reshaped) (  16K) [CUDA0         ]            node_2250 (   0K) [CUDA0         ]
node #2254 (       MUL):            node_2254 (  32K) [CUDA0         ] use=1,c=1:            node_2252 (  32K) [CUDA0         ]            node_2253 (  32K) [CUDA0         ]
node #2255 (MUL_MAT_ID):            node_2255 ( 128K) [CUDA0         ] use=1,c=1: blk.31.ffn_down_exps ( 210M) [CUDA0         ]            node_2254 (  32K) [CUDA0         ]            node_2250 (   0K) [CUDA0         ]
node #2257 (  GET_ROWS):            node_2257 (   0K) [CUDA0         ] use=1,c=1:           (reshaped) (   2K) [CUDA0         ]            node_2250 (   0K) [CUDA0         ]
node #2258 (       MUL):            node_2258 ( 128K) [CUDA0         ] use=1,c=1:            node_2255 ( 128K) [CUDA0         ]            node_2257 (   0K) [CUDA0         ]
node #2260 (      CONT):    (permuted) (cont) ( 128K) [CUDA0         ] use=1,c=1:           (permuted) ( 128K) [CUDA0         ]
node #2261 (  SUM_ROWS):            node_2261 (  16K) [CUDA0         ] use=1,c=1:    (permuted) (cont) ( 128K) [CUDA0         ]
node #2263 (   MUL_MAT):            node_2263 (   4K) [CUDA0         ] use=1,c=1: blk.31.ffn_gate_shex ( 576K) [CUDA0         ]            node_2246 (  16K) [CUDA0         ]
node #2264 (      SILU):            node_2264 (   4K) [CUDA0         ] use=1,c=1:            node_2263 (   4K) [CUDA0         ]
node #2265 (   MUL_MAT):            node_2265 (   4K) [CUDA0         ] use=1,c=1: blk.31.ffn_up_shexp. ( 576K) [CUDA0         ]            node_2246 (  16K) [CUDA0         ]
node #2266 (       MUL):            node_2266 (   4K) [CUDA0         ] use=1,c=1:            node_2264 (   4K) [CUDA0         ]            node_2265 (   4K) [CUDA0         ]
node #2267 (   MUL_MAT):            node_2267 (  16K) [CUDA0         ] use=1,c=1: blk.31.ffn_down_shex ( 840K) [CUDA0         ]            node_2266 (   4K) [CUDA0         ]
node #2268 (   MUL_MAT):            node_2268 (   0K) [CUDA0         ] use=1,c=1: blk.31.ffn_gate_inp_ (   8K) [CUDA0         ]            node_2246 (  16K) [CUDA0         ]
node #2269 (   SIGMOID):            node_2269 (   0K) [CUDA0         ] use=1,c=1:            node_2268 (   0K) [CUDA0         ]
node #2270 (       MUL):            node_2270 (  16K) [CUDA0         ] use=1,c=1:            node_2267 (  16K) [CUDA0         ]            node_2269 (   0K) [CUDA0         ]
node #2271 (       ADD):            node_2271 (  16K) [CUDA0         ] use=1,c=1:           (reshaped) (  16K) [CUDA0         ]            node_2270 (  16K) [CUDA0         ]
node #2272 (       ADD):            node_2272 (  16K) [CUDA0         ] use=2,c=1:            node_2244 (  16K) [CUDA0         ]            node_2271 (  16K) [CUDA0         ]
node #2274 (  RMS_NORM):            node_2274 (  16K) [CUDA0         ] use=1,c=1:            node_2272 (  16K) [CUDA0         ]
node #2275 (       MUL):            node_2275 (  16K) [CUDA0         ] use=4,c=1:            node_2274 (  16K) [CUDA0         ] blk.32.attn_norm.wei (   8K) [CUDA0         ]
node #2276 (   MUL_MAT):            node_2276 (  64K) [CUDA0         ] use=1,c=1: blk.32.attn_qkv.weig (   9M) [CUDA0         ]            node_2275 (  16K) [CUDA0         ]
node #2278 (      CONT):  (transposed) (cont) (  64K) [CUDA0         ] use=1,c=1:         (transposed) (  64K) [CUDA0         ]
node #2279 (    CONCAT):            node_2279 ( 160K) [CUDA0         ] use=1,c=1:  CUDA0# (reshaped)#0 (  96K) [ NULL         ]  (transposed) (cont) (  64K) [CUDA0         ]
node #2281 (  SSM_CONV):            node_2281 (  64K) [CUDA0         ] use=1,c=1:           (reshaped) ( 160K) [CUDA0         ] blk.32.ssm_conv1d.we ( 128K) [CUDA0         ]
node #2282 (      SILU):            node_2282 (  64K) [CUDA0         ] use=1,c=1:            node_2281 (  64K) [CUDA0         ]
node #2285 (      CONT):  (reshaped) (view) ( (  16K) [CUDA0         ] use=1,c=1:    (reshaped) (view) (  40K) [CUDA0         ]
node #2287 (   L2_NORM):            node_2287 (  16K) [CUDA0         ] use=1,c=1:  (reshaped) (view) ( (  16K) [CUDA0         ]
node #2288 (    REPEAT):            node_2288 (  32K) [CUDA0         ] use=1,c=1:            node_2287 (  16K) [CUDA0         ]
node #2289 (     SCALE):            node_2289 (  32K) [CUDA0         ] use=1,c=1:            node_2288 (  32K) [CUDA0         ]
node #2291 (      CONT):  (reshaped) (view) ( (  16K) [CUDA0         ] use=1,c=1:    (reshaped) (view) (  40K) [CUDA0         ]
node #2293 (   L2_NORM):            node_2293 (  16K) [CUDA0         ] use=1,c=1:  (reshaped) (view) ( (  16K) [CUDA0         ]
node #2294 (    REPEAT):            node_2294 (  32K) [CUDA0         ] use=1,c=1:            node_2293 (  16K) [CUDA0         ]
node #2296 (      CONT):  (reshaped) (view) ( (  32K) [CUDA0         ] use=1,c=1:    (reshaped) (view) (  48K) [CUDA0         ]
node #2298 (   MUL_MAT):            node_2298 (   0K) [CUDA0         ] use=1,c=1: blk.32.ssm_alpha.wei (  36K) [CUDA0         ]            node_2275 (  16K) [CUDA0         ]
node #2299 (       ADD):            node_2299 (   0K) [CUDA0         ] use=1,c=1:            node_2298 (   0K) [CUDA0         ]   blk.32.ssm_dt.bias (   0K) [CUDA0         ]
node #2300 (  SOFTPLUS):            node_2300 (   0K) [CUDA0         ] use=1,c=1:            node_2299 (   0K) [CUDA0         ]
node #2301 (       MUL):            node_2301 (   0K) [CUDA0         ] use=1,c=1:            node_2300 (   0K) [CUDA0         ]         blk.32.ssm_a (   0K) [CUDA0         ]
node #2303 (   MUL_MAT):            node_2303 (   0K) [CUDA0         ] use=1,c=1: blk.32.ssm_beta.weig (  36K) [CUDA0         ]            node_2275 (  16K) [CUDA0         ]
node #2304 (   SIGMOID):            node_2304 (   0K) [CUDA0         ] use=1,c=1:            node_2303 (   0K) [CUDA0         ]
node #2307 (GATED_DELT):            node_2307 (   2M) [CUDA0         ] use=2,c=1:            node_2289 (  32K) [CUDA0         ]            node_2294 (  32K) [CUDA0         ]  (reshaped) (view) ( (  32K) [CUDA0         ]           (reshaped) (   0K) [CUDA0         ]           (reshaped) (   0K) [CUDA0         ]  CUDA0# (reshaped)#0 (   2M) [ NULL         ]
node #2309 (      CONT):        (view) (cont) (  32K) [CUDA0         ] use=1,c=1:               (view) (  32K) [CUDA0         ]
node #2311 (  RMS_NORM):            node_2311 (  32K) [CUDA0         ] use=1,c=1:  (view) (cont) (resh (  32K) [CUDA0         ]
node #2312 (       MUL):            node_2312 (  32K) [CUDA0         ] use=1,c=1:            node_2311 (  32K) [CUDA0         ] blk.32.ssm_norm.weig (   0K) [CUDA0         ]
node #2313 (   MUL_MAT):            node_2313 (  32K) [CUDA0         ] use=1,c=1: blk.32.attn_gate.wei (   4M) [CUDA0         ]            node_2275 (  16K) [CUDA0         ]
node #2315 (      SILU):            node_2315 (  32K) [CUDA0         ] use=1,c=1:           (reshaped) (  32K) [CUDA0         ]
node #2316 (       MUL):            node_2316 (  32K) [CUDA0         ] use=1,c=1:            node_2312 (  32K) [CUDA0         ]            node_2315 (  32K) [CUDA0         ]
node #2318 (   MUL_MAT):            node_2318 (  16K) [CUDA0         ] use=1,c=1: blk.32.ssm_out.weigh (   4M) [CUDA0         ]           (reshaped) (  32K) [CUDA0         ]
node #2319 (       ADD):            node_2319 (  16K) [CUDA0         ] use=2,c=1:            node_2272 (  16K) [CUDA0         ]            node_2318 (  16K) [CUDA0         ]
node #2320 (  RMS_NORM):            node_2320 (  16K) [CUDA0         ] use=1,c=1:            node_2319 (  16K) [CUDA0         ]
node #2321 (       MUL):            node_2321 (  16K) [CUDA0         ] use=5,c=1:            node_2320 (  16K) [CUDA0         ] blk.32.post_attentio (   8K) [CUDA0         ]
node #2323 (   MUL_MAT):            node_2323 (   2K) [CUDA0         ] use=1,c=1: blk.32.ffn_gate_inp. (   2M) [CUDA0         ]            node_2321 (  16K) [CUDA0         ]
node #2324 (  SOFT_MAX):            node_2324 (   2K) [CUDA0         ] use=2,c=1:            node_2323 (   2K) [CUDA0         ]
node #2325 (     TOP_K):            node_2325 (   0K) [CUDA0         ] use=4,c=1:            node_2324 (   2K) [CUDA0         ]
node #2326 (MUL_MAT_ID):            node_2326 (  32K) [CUDA0         ] use=1,c=1: blk.32.ffn_gate_exps ( 144M) [CUDA0         ]           (reshaped) (  16K) [CUDA0         ]            node_2325 (   0K) [CUDA0         ]
node #2327 (      SILU):            node_2327 (  32K) [CUDA0         ] use=1,c=1:            node_2326 (  32K) [CUDA0         ]
node #2328 (MUL_MAT_ID):            node_2328 (  32K) [CUDA0         ] use=1,c=1: blk.32.ffn_up_exps.w ( 144M) [CUDA0         ]           (reshaped) (  16K) [CUDA0         ]            node_2325 (   0K) [CUDA0         ]
node #2329 (       MUL):            node_2329 (  32K) [CUDA0         ] use=1,c=1:            node_2327 (  32K) [CUDA0         ]            node_2328 (  32K) [CUDA0         ]
node #2330 (MUL_MAT_ID):            node_2330 ( 128K) [CUDA0         ] use=1,c=1: blk.32.ffn_down_exps ( 144M) [CUDA0         ]            node_2329 (  32K) [CUDA0         ]            node_2325 (   0K) [CUDA0         ]
node #2332 (  GET_ROWS):            node_2332 (   0K) [CUDA0         ] use=1,c=1:           (reshaped) (   2K) [CUDA0         ]            node_2325 (   0K) [CUDA0         ]
node #2333 (       MUL):            node_2333 ( 128K) [CUDA0         ] use=1,c=1:            node_2330 ( 128K) [CUDA0         ]            node_2332 (   0K) [CUDA0         ]
node #2335 (      CONT):    (permuted) (cont) ( 128K) [CUDA0         ] use=1,c=1:           (permuted) ( 128K) [CUDA0         ]
node #2336 (  SUM_ROWS):            node_2336 (  16K) [CUDA0         ] use=1,c=1:    (permuted) (cont) ( 128K) [CUDA0         ]
node #2338 (   MUL_MAT):            node_2338 (   4K) [CUDA0         ] use=1,c=1: blk.32.ffn_gate_shex ( 576K) [CUDA0         ]            node_2321 (  16K) [CUDA0         ]
node #2339 (      SILU):            node_2339 (   4K) [CUDA0         ] use=1,c=1:            node_2338 (   4K) [CUDA0         ]
node #2340 (   MUL_MAT):            node_2340 (   4K) [CUDA0         ] use=1,c=1: blk.32.ffn_up_shexp. ( 576K) [CUDA0         ]            node_2321 (  16K) [CUDA0         ]
node #2341 (       MUL):            node_2341 (   4K) [CUDA0         ] use=1,c=1:            node_2339 (   4K) [CUDA0         ]            node_2340 (   4K) [CUDA0         ]
node #2342 (   MUL_MAT):            node_2342 (  16K) [CUDA0         ] use=1,c=1: blk.32.ffn_down_shex ( 576K) [CUDA0         ]            node_2341 (   4K) [CUDA0         ]
node #2343 (   MUL_MAT):            node_2343 (   0K) [CUDA0         ] use=1,c=1: blk.32.ffn_gate_inp_ (   8K) [CUDA0         ]            node_2321 (  16K) [CUDA0         ]
node #2344 (   SIGMOID):            node_2344 (   0K) [CUDA0         ] use=1,c=1:            node_2343 (   0K) [CUDA0         ]
node #2345 (       MUL):            node_2345 (  16K) [CUDA0         ] use=1,c=1:            node_2342 (  16K) [CUDA0         ]            node_2344 (   0K) [CUDA0         ]
node #2346 (       ADD):            node_2346 (  16K) [CUDA0         ] use=1,c=1:           (reshaped) (  16K) [CUDA0         ]            node_2345 (  16K) [CUDA0         ]
node #2347 (       ADD):            node_2347 (  16K) [CUDA0         ] use=2,c=1:            node_2319 (  16K) [CUDA0         ]            node_2346 (  16K) [CUDA0         ]
node #2349 (  RMS_NORM):            node_2349 (  16K) [CUDA0         ] use=1,c=1:            node_2347 (  16K) [CUDA0         ]
node #2350 (       MUL):            node_2350 (  16K) [CUDA0         ] use=4,c=1:            node_2349 (  16K) [CUDA0         ] blk.33.attn_norm.wei (   8K) [CUDA0         ]
node #2351 (   MUL_MAT):            node_2351 (  64K) [CUDA0         ] use=1,c=1: blk.33.attn_qkv.weig (   9M) [CUDA0         ]            node_2350 (  16K) [CUDA0         ]
node #2353 (      CONT):  (transposed) (cont) (  64K) [CUDA0         ] use=1,c=1:         (transposed) (  64K) [CUDA0         ]
node #2354 (    CONCAT):            node_2354 ( 160K) [CUDA0         ] use=1,c=1:  CUDA0# (reshaped)#0 (  96K) [ NULL         ]  (transposed) (cont) (  64K) [CUDA0         ]
node #2356 (  SSM_CONV):            node_2356 (  64K) [CUDA0         ] use=1,c=1:           (reshaped) ( 160K) [CUDA0         ] blk.33.ssm_conv1d.we ( 128K) [CUDA0         ]
node #2357 (      SILU):            node_2357 (  64K) [CUDA0         ] use=1,c=1:            node_2356 (  64K) [CUDA0         ]
node #2360 (      CONT):  (reshaped) (view) ( (  16K) [CUDA0         ] use=1,c=1:    (reshaped) (view) (  40K) [CUDA0         ]
node #2362 (   L2_NORM):            node_2362 (  16K) [CUDA0         ] use=1,c=1:  (reshaped) (view) ( (  16K) [CUDA0         ]
node #2363 (    REPEAT):            node_2363 (  32K) [CUDA0         ] use=1,c=1:            node_2362 (  16K) [CUDA0         ]
node #2364 (     SCALE):            node_2364 (  32K) [CUDA0         ] use=1,c=1:            node_2363 (  32K) [CUDA0         ]
node #2366 (      CONT):  (reshaped) (view) ( (  16K) [CUDA0         ] use=1,c=1:    (reshaped) (view) (  40K) [CUDA0         ]
node #2368 (   L2_NORM):            node_2368 (  16K) [CUDA0         ] use=1,c=1:  (reshaped) (view) ( (  16K) [CUDA0         ]
node #2369 (    REPEAT):            node_2369 (  32K) [CUDA0         ] use=1,c=1:            node_2368 (  16K) [CUDA0         ]
node #2371 (      CONT):  (reshaped) (view) ( (  32K) [CUDA0         ] use=1,c=1:    (reshaped) (view) (  48K) [CUDA0         ]
node #2373 (   MUL_MAT):            node_2373 (   0K) [CUDA0         ] use=1,c=1: blk.33.ssm_alpha.wei (  36K) [CUDA0         ]            node_2350 (  16K) [CUDA0         ]
node #2374 (       ADD):            node_2374 (   0K) [CUDA0         ] use=1,c=1:            node_2373 (   0K) [CUDA0         ]   blk.33.ssm_dt.bias (   0K) [CUDA0         ]
node #2375 (  SOFTPLUS):            node_2375 (   0K) [CUDA0         ] use=1,c=1:            node_2374 (   0K) [CUDA0         ]
node #2376 (       MUL):            node_2376 (   0K) [CUDA0         ] use=1,c=1:            node_2375 (   0K) [CUDA0         ]         blk.33.ssm_a (   0K) [CUDA0         ]
node #2378 (   MUL_MAT):            node_2378 (   0K) [CUDA0         ] use=1,c=1: blk.33.ssm_beta.weig (  36K) [CUDA0         ]            node_2350 (  16K) [CUDA0         ]
node #2379 (   SIGMOID):            node_2379 (   0K) [CUDA0         ] use=1,c=1:            node_2378 (   0K) [CUDA0         ]
node #2382 (GATED_DELT):            node_2382 (   2M) [CUDA0         ] use=2,c=1:            node_2364 (  32K) [CUDA0         ]            node_2369 (  32K) [CUDA0         ]  (reshaped) (view) ( (  32K) [CUDA0         ]           (reshaped) (   0K) [CUDA0         ]           (reshaped) (   0K) [CUDA0         ]  CUDA0# (reshaped)#0 (   2M) [ NULL         ]
node #2384 (      CONT):        (view) (cont) (  32K) [CUDA0         ] use=1,c=1:               (view) (  32K) [CUDA0         ]
node #2386 (  RMS_NORM):            node_2386 (  32K) [CUDA0         ] use=1,c=1:  (view) (cont) (resh (  32K) [CUDA0         ]
node #2387 (       MUL):            node_2387 (  32K) [CUDA0         ] use=1,c=1:            node_2386 (  32K) [CUDA0         ] blk.33.ssm_norm.weig (   0K) [CUDA0         ]
node #2388 (   MUL_MAT):            node_2388 (  32K) [CUDA0         ] use=1,c=1: blk.33.attn_gate.wei (   4M) [CUDA0         ]            node_2350 (  16K) [CUDA0         ]
node #2390 (      SILU):            node_2390 (  32K) [CUDA0         ] use=1,c=1:           (reshaped) (  32K) [CUDA0         ]
node #2391 (       MUL):            node_2391 (  32K) [CUDA0         ] use=1,c=1:            node_2387 (  32K) [CUDA0         ]            node_2390 (  32K) [CUDA0         ]
node #2393 (   MUL_MAT):            node_2393 (  16K) [CUDA0         ] use=1,c=1: blk.33.ssm_out.weigh (   4M) [CUDA0         ]           (reshaped) (  32K) [CUDA0         ]
node #2394 (       ADD):            node_2394 (  16K) [CUDA0         ] use=2,c=1:            node_2347 (  16K) [CUDA0         ]            node_2393 (  16K) [CUDA0         ]
node #2395 (  RMS_NORM):            node_2395 (  16K) [CUDA0         ] use=1,c=1:            node_2394 (  16K) [CUDA0         ]
node #2396 (       MUL):            node_2396 (  16K) [CUDA0         ] use=5,c=1:            node_2395 (  16K) [CUDA0         ] blk.33.post_attentio (   8K) [CUDA0         ]
node #2398 (   MUL_MAT):            node_2398 (   2K) [CUDA0         ] use=1,c=1: blk.33.ffn_gate_inp. (   2M) [CUDA0         ]            node_2396 (  16K) [CUDA0         ]
node #2399 (  SOFT_MAX):            node_2399 (   2K) [CUDA0         ] use=2,c=1:            node_2398 (   2K) [CUDA0         ]
node #2400 (     TOP_K):            node_2400 (   0K) [CUDA0         ] use=4,c=1:            node_2399 (   2K) [CUDA0         ]
node #2401 (MUL_MAT_ID):            node_2401 (  32K) [CUDA0         ] use=1,c=1: blk.33.ffn_gate_exps ( 144M) [CUDA0         ]           (reshaped) (  16K) [CUDA0         ]            node_2400 (   0K) [CUDA0         ]
node #2402 (      SILU):            node_2402 (  32K) [CUDA0         ] use=1,c=1:            node_2401 (  32K) [CUDA0         ]
node #2403 (MUL_MAT_ID):            node_2403 (  32K) [CUDA0         ] use=1,c=1: blk.33.ffn_up_exps.w ( 144M) [CUDA0         ]           (reshaped) (  16K) [CUDA0         ]            node_2400 (   0K) [CUDA0         ]
node #2404 (       MUL):            node_2404 (  32K) [CUDA0         ] use=1,c=1:            node_2402 (  32K) [CUDA0         ]            node_2403 (  32K) [CUDA0         ]
node #2405 (MUL_MAT_ID):            node_2405 ( 128K) [CUDA0         ] use=1,c=1: blk.33.ffn_down_exps ( 144M) [CUDA0         ]            node_2404 (  32K) [CUDA0         ]            node_2400 (   0K) [CUDA0         ]
node #2407 (  GET_ROWS):            node_2407 (   0K) [CUDA0         ] use=1,c=1:           (reshaped) (   2K) [CUDA0         ]            node_2400 (   0K) [CUDA0         ]
node #2408 (       MUL):            node_2408 ( 128K) [CUDA0         ] use=1,c=1:            node_2405 ( 128K) [CUDA0         ]            node_2407 (   0K) [CUDA0         ]
node #2410 (      CONT):    (permuted) (cont) ( 128K) [CUDA0         ] use=1,c=1:           (permuted) ( 128K) [CUDA0         ]
node #2411 (  SUM_ROWS):            node_2411 (  16K) [CUDA0         ] use=1,c=1:    (permuted) (cont) ( 128K) [CUDA0         ]
node #2413 (   MUL_MAT):            node_2413 (   4K) [CUDA0         ] use=1,c=1: blk.33.ffn_gate_shex ( 576K) [CUDA0         ]            node_2396 (  16K) [CUDA0         ]
node #2414 (      SILU):            node_2414 (   4K) [CUDA0         ] use=1,c=1:            node_2413 (   4K) [CUDA0         ]
node #2415 (   MUL_MAT):            node_2415 (   4K) [CUDA0         ] use=1,c=1: blk.33.ffn_up_shexp. ( 576K) [CUDA0         ]            node_2396 (  16K) [CUDA0         ]
node #2416 (       MUL):            node_2416 (   4K) [CUDA0         ] use=1,c=1:            node_2414 (   4K) [CUDA0         ]            node_2415 (   4K) [CUDA0         ]
node #2417 (   MUL_MAT):            node_2417 (  16K) [CUDA0         ] use=1,c=1: blk.33.ffn_down_shex ( 576K) [CUDA0         ]            node_2416 (   4K) [CUDA0         ]
node #2418 (   MUL_MAT):            node_2418 (   0K) [CUDA0         ] use=1,c=1: blk.33.ffn_gate_inp_ (   8K) [CUDA0         ]            node_2396 (  16K) [CUDA0         ]
node #2419 (   SIGMOID):            node_2419 (   0K) [CUDA0         ] use=1,c=1:            node_2418 (   0K) [CUDA0         ]
node #2420 (       MUL):            node_2420 (  16K) [CUDA0         ] use=1,c=1:            node_2417 (  16K) [CUDA0         ]            node_2419 (   0K) [CUDA0         ]
node #2421 (       ADD):            node_2421 (  16K) [CUDA0         ] use=1,c=1:           (reshaped) (  16K) [CUDA0         ]            node_2420 (  16K) [CUDA0         ]
node #2422 (       ADD):            node_2422 (  16K) [CUDA0         ] use=2,c=1:            node_2394 (  16K) [CUDA0         ]            node_2421 (  16K) [CUDA0         ]
node #2424 (  RMS_NORM):            node_2424 (  16K) [CUDA0         ] use=1,c=1:            node_2422 (  16K) [CUDA0         ]
node #2425 (       MUL):            node_2425 (  16K) [CUDA0         ] use=4,c=1:            node_2424 (  16K) [CUDA0         ] blk.34.attn_norm.wei (   8K) [CUDA0         ]
node #2426 (   MUL_MAT):            node_2426 (  64K) [CUDA0         ] use=1,c=1: blk.34.attn_qkv.weig (  13M) [CUDA0         ]            node_2425 (  16K) [CUDA0         ]
node #2428 (      CONT):  (transposed) (cont) (  64K) [CUDA0         ] use=1,c=1:         (transposed) (  64K) [CUDA0         ]
node #2429 (    CONCAT):            node_2429 ( 160K) [CUDA0         ] use=1,c=1:  CUDA0# (reshaped)#0 (  96K) [ NULL         ]  (transposed) (cont) (  64K) [CUDA0         ]
node #2431 (  SSM_CONV):            node_2431 (  64K) [CUDA0         ] use=1,c=1:           (reshaped) ( 160K) [CUDA0         ] blk.34.ssm_conv1d.we ( 128K) [CUDA0         ]
node #2432 (      SILU):            node_2432 (  64K) [CUDA0         ] use=1,c=1:            node_2431 (  64K) [CUDA0         ]
node #2435 (      CONT):  (reshaped) (view) ( (  16K) [CUDA0         ] use=1,c=1:    (reshaped) (view) (  40K) [CUDA0         ]
node #2437 (   L2_NORM):            node_2437 (  16K) [CUDA0         ] use=1,c=1:  (reshaped) (view) ( (  16K) [CUDA0         ]
node #2438 (    REPEAT):            node_2438 (  32K) [CUDA0         ] use=1,c=1:            node_2437 (  16K) [CUDA0         ]
node #2439 (     SCALE):            node_2439 (  32K) [CUDA0         ] use=1,c=1:            node_2438 (  32K) [CUDA0         ]
node #2441 (      CONT):  (reshaped) (view) ( (  16K) [CUDA0         ] use=1,c=1:    (reshaped) (view) (  40K) [CUDA0         ]
node #2443 (   L2_NORM):            node_2443 (  16K) [CUDA0         ] use=1,c=1:  (reshaped) (view) ( (  16K) [CUDA0         ]
node #2444 (    REPEAT):            node_2444 (  32K) [CUDA0         ] use=1,c=1:            node_2443 (  16K) [CUDA0         ]
node #2446 (      CONT):  (reshaped) (view) ( (  32K) [CUDA0         ] use=1,c=1:    (reshaped) (view) (  48K) [CUDA0         ]
node #2448 (   MUL_MAT):            node_2448 (   0K) [CUDA0         ] use=1,c=1: blk.34.ssm_alpha.wei (  36K) [CUDA0         ]            node_2425 (  16K) [CUDA0         ]
node #2449 (       ADD):            node_2449 (   0K) [CUDA0         ] use=1,c=1:            node_2448 (   0K) [CUDA0         ]   blk.34.ssm_dt.bias (   0K) [CUDA0         ]
node #2450 (  SOFTPLUS):            node_2450 (   0K) [CUDA0         ] use=1,c=1:            node_2449 (   0K) [CUDA0         ]
node #2451 (       MUL):            node_2451 (   0K) [CUDA0         ] use=1,c=1:            node_2450 (   0K) [CUDA0         ]         blk.34.ssm_a (   0K) [CUDA0         ]
node #2453 (   MUL_MAT):            node_2453 (   0K) [CUDA0         ] use=1,c=1: blk.34.ssm_beta.weig (  36K) [CUDA0         ]            node_2425 (  16K) [CUDA0         ]
node #2454 (   SIGMOID):            node_2454 (   0K) [CUDA0         ] use=1,c=1:            node_2453 (   0K) [CUDA0         ]
node #2457 (GATED_DELT):            node_2457 (   2M) [CUDA0         ] use=2,c=1:            node_2439 (  32K) [CUDA0         ]            node_2444 (  32K) [CUDA0         ]  (reshaped) (view) ( (  32K) [CUDA0         ]           (reshaped) (   0K) [CUDA0         ]           (reshaped) (   0K) [CUDA0         ]  CUDA0# (reshaped)#0 (   2M) [ NULL         ]
node #2459 (      CONT):        (view) (cont) (  32K) [CUDA0         ] use=1,c=1:               (view) (  32K) [CUDA0         ]
node #2461 (  RMS_NORM):            node_2461 (  32K) [CUDA0         ] use=1,c=1:  (view) (cont) (resh (  32K) [CUDA0         ]
node #2462 (       MUL):            node_2462 (  32K) [CUDA0         ] use=1,c=1:            node_2461 (  32K) [CUDA0         ] blk.34.ssm_norm.weig (   0K) [CUDA0         ]
node #2463 (   MUL_MAT):            node_2463 (  32K) [CUDA0         ] use=1,c=1: blk.34.attn_gate.wei (   4M) [CUDA0         ]            node_2425 (  16K) [CUDA0         ]
node #2465 (      SILU):            node_2465 (  32K) [CUDA0         ] use=1,c=1:           (reshaped) (  32K) [CUDA0         ]
node #2466 (       MUL):            node_2466 (  32K) [CUDA0         ] use=1,c=1:            node_2462 (  32K) [CUDA0         ]            node_2465 (  32K) [CUDA0         ]
node #2468 (   MUL_MAT):            node_2468 (  16K) [CUDA0         ] use=1,c=1: blk.34.ssm_out.weigh (   4M) [CUDA0         ]           (reshaped) (  32K) [CUDA0         ]
node #2469 (       ADD):            node_2469 (  16K) [CUDA0         ] use=2,c=1:            node_2422 (  16K) [CUDA0         ]            node_2468 (  16K) [CUDA0         ]
node #2470 (  RMS_NORM):            node_2470 (  16K) [CUDA0         ] use=1,c=1:            node_2469 (  16K) [CUDA0         ]
node #2471 (       MUL):            node_2471 (  16K) [CUDA0         ] use=5,c=1:            node_2470 (  16K) [CUDA0         ] blk.34.post_attentio (   8K) [CUDA0         ]
node #2473 (   MUL_MAT):            node_2473 (   2K) [CUDA0         ] use=1,c=1: blk.34.ffn_gate_inp. (   2M) [CUDA0         ]            node_2471 (  16K) [CUDA0         ]
node #2474 (  SOFT_MAX):            node_2474 (   2K) [CUDA0         ] use=2,c=1:            node_2473 (   2K) [CUDA0         ]
node #2475 (     TOP_K):            node_2475 (   0K) [CUDA0         ] use=4,c=1:            node_2474 (   2K) [CUDA0         ]
node #2476 (MUL_MAT_ID):            node_2476 (  32K) [CUDA0         ] use=1,c=1: blk.34.ffn_gate_exps ( 144M) [CUDA0         ]           (reshaped) (  16K) [CUDA0         ]            node_2475 (   0K) [CUDA0         ]
node #2477 (      SILU):            node_2477 (  32K) [CUDA0         ] use=1,c=1:            node_2476 (  32K) [CUDA0         ]
node #2478 (MUL_MAT_ID):            node_2478 (  32K) [CUDA0         ] use=1,c=1: blk.34.ffn_up_exps.w ( 144M) [CUDA0         ]           (reshaped) (  16K) [CUDA0         ]            node_2475 (   0K) [CUDA0         ]
node #2479 (       MUL):            node_2479 (  32K) [CUDA0         ] use=1,c=1:            node_2477 (  32K) [CUDA0         ]            node_2478 (  32K) [CUDA0         ]
node #2480 (MUL_MAT_ID):            node_2480 ( 128K) [CUDA0         ] use=1,c=1: blk.34.ffn_down_exps ( 210M) [CUDA0         ]            node_2479 (  32K) [CUDA0         ]            node_2475 (   0K) [CUDA0         ]
node #2482 (  GET_ROWS):            node_2482 (   0K) [CUDA0         ] use=1,c=1:           (reshaped) (   2K) [CUDA0         ]            node_2475 (   0K) [CUDA0         ]
node #2483 (       MUL):            node_2483 ( 128K) [CUDA0         ] use=1,c=1:            node_2480 ( 128K) [CUDA0         ]            node_2482 (   0K) [CUDA0         ]
node #2485 (      CONT):    (permuted) (cont) ( 128K) [CUDA0         ] use=1,c=1:           (permuted) ( 128K) [CUDA0         ]
node #2486 (  SUM_ROWS):            node_2486 (  16K) [CUDA0         ] use=1,c=1:    (permuted) (cont) ( 128K) [CUDA0         ]
node #2488 (   MUL_MAT):            node_2488 (   4K) [CUDA0         ] use=1,c=1: blk.34.ffn_gate_shex ( 576K) [CUDA0         ]            node_2471 (  16K) [CUDA0         ]
node #2489 (      SILU):            node_2489 (   4K) [CUDA0         ] use=1,c=1:            node_2488 (   4K) [CUDA0         ]
node #2490 (   MUL_MAT):            node_2490 (   4K) [CUDA0         ] use=1,c=1: blk.34.ffn_up_shexp. ( 576K) [CUDA0         ]            node_2471 (  16K) [CUDA0         ]
node #2491 (       MUL):            node_2491 (   4K) [CUDA0         ] use=1,c=1:            node_2489 (   4K) [CUDA0         ]            node_2490 (   4K) [CUDA0         ]
node #2492 (   MUL_MAT):            node_2492 (  16K) [CUDA0         ] use=1,c=1: blk.34.ffn_down_shex ( 840K) [CUDA0         ]            node_2491 (   4K) [CUDA0         ]
node #2493 (   MUL_MAT):            node_2493 (   0K) [CUDA0         ] use=1,c=1: blk.34.ffn_gate_inp_ (   8K) [CUDA0         ]            node_2471 (  16K) [CUDA0         ]
node #2494 (   SIGMOID):            node_2494 (   0K) [CUDA0         ] use=1,c=1:            node_2493 (   0K) [CUDA0         ]
node #2495 (       MUL):            node_2495 (  16K) [CUDA0         ] use=1,c=1:            node_2492 (  16K) [CUDA0         ]            node_2494 (   0K) [CUDA0         ]
node #2496 (       ADD):            node_2496 (  16K) [CUDA0         ] use=1,c=1:           (reshaped) (  16K) [CUDA0         ]            node_2495 (  16K) [CUDA0         ]
node #2497 (       ADD):            node_2497 (  16K) [CUDA0         ] use=2,c=1:            node_2469 (  16K) [CUDA0         ]            node_2496 (  16K) [CUDA0         ]
node #2498 (  RMS_NORM):            node_2498 (  16K) [CUDA0         ] use=1,c=1:            node_2497 (  16K) [CUDA0         ]
node #2499 (       MUL):            node_2499 (  16K) [CUDA0         ] use=3,c=1:            node_2498 (  16K) [CUDA0         ] blk.35.attn_norm.wei (   8K) [CUDA0         ]
node #2500 (   MUL_MAT):            node_2500 (  64K) [CUDA0         ] use=1,c=1: blk.35.attn_q.weight (   9M) [CUDA0         ]            node_2499 (  16K) [CUDA0         ]
node #2503 (      CONT):  (reshaped) (view) ( (  32K) [CUDA0         ] use=1,c=1:    (reshaped) (view) (  63K) [CUDA0         ]
node #2504 (  RMS_NORM):            node_2504 (  32K) [CUDA0         ] use=1,c=1:  (reshaped) (view) ( (  32K) [CUDA0         ]
node #2505 (       MUL):            node_2505 (  32K) [CUDA0         ] use=1,c=1:            node_2504 (  32K) [CUDA0         ] blk.35.attn_q_norm.w (   1K) [CUDA0         ]

## SPLIT #50: CPU # 1 inputs: [node_2505 (  32K)] 
node #2506 (      ROPE):            node_2506 (  32K) [  CPU         ] use=1,c=1:      CPU#node_2505#0 (  32K) [ NULL         ]              leaf_70 (   0K) [  CPU         ]              leaf_71 (   0K) [  CPU         ]

## SPLIT #51: CUDA0 # 0 inputs
node #2508 (   MUL_MAT):            node_2508 (   4K) [CUDA0         ] use=1,c=1: blk.35.attn_k.weight ( 576K) [CUDA0         ]            node_2499 (  16K) [CUDA0         ]
node #2510 (  RMS_NORM):            node_2510 (   4K) [CUDA0         ] use=1,c=1:           (reshaped) (   4K) [CUDA0         ]
node #2511 (       MUL):            node_2511 (   4K) [CUDA0         ] use=1,c=1:            node_2510 (   4K) [CUDA0         ] blk.35.attn_k_norm.w (   1K) [CUDA0         ]

## SPLIT #52: CPU # 1 inputs: [node_2511 (   4K)] 
node #2512 (      ROPE):            node_2512 (   4K) [  CPU         ] use=1,c=1:      CPU#node_2511#0 (   4K) [ NULL         ]              leaf_70 (   0K) [  CPU         ]              leaf_71 (   0K) [  CPU         ]
node #2514 (       CPY):    (permuted) (copy) (   2K) [  CPU         ] use=2,c=1:           (permuted) (   4K) [  CPU         ]    (permuted) (copy) (   2K) [  CPU         ]

## SPLIT #53: CUDA0 # 0 inputs
node #2515 (   MUL_MAT):            node_2515 (   4K) [CUDA0         ] use=1,c=1: blk.35.attn_v.weight ( 840K) [CUDA0         ]            node_2499 (  16K) [CUDA0         ]
node #2517 (      CONT):    (reshaped) (cont) (   4K) [CUDA0         ] use=1,c=1:           (reshaped) (   4K) [CUDA0         ]
node #2519 (       CPY):  (reshaped) (cont) ( (   2K) [CUDA0         ] use=2,c=1:  (reshaped) (cont) ( (   4K) [CUDA0         ]  (reshaped) (cont) ( (   2K) [CUDA0         ]

## SPLIT #54: CPU # 1 inputs: [ (reshaped) (cont) (permuted) (copy) (   2K)] 
node #2520 (       CPY):               (copy) (   0K) [  CPU         ] use=2,c=1:              leaf_75 (   0K) [  CPU         ]               (copy) (   0K) [  CPU         ]
node #2521 (FLASH_ATTN):            node_2521 (  32K) [  CPU         ] use=1,c=1:           (permuted) (  32K) [  CPU         ]    (permuted) (copy) (   2K) [  CPU         ] CPU# (reshaped) (con (   2K) [ NULL         ]               (copy) (   0K) [  CPU         ]

## SPLIT #55: CUDA0 # 7 inputs: [node_2521 (  32K)] [ (reshaped) (  96K)] [ (reshaped) (   2M)] [ (reshaped) (  96K)] [ (reshaped) (   2M)] [ (reshaped) (  96K)] [ (reshaped) (   2M)] 
node #2523 (      CONT):  (reshaped) (view) ( (  32K) [CUDA0         ] use=1,c=1:    (reshaped) (view) (  63K) [CUDA0         ]
node #2524 (   SIGMOID):            node_2524 (  32K) [CUDA0         ] use=1,c=1:  (reshaped) (view) ( (  32K) [CUDA0         ]
node #2525 (       MUL):            node_2525 (  32K) [CUDA0         ] use=1,c=1:    CUDA0#node_2521#0 (  32K) [ NULL         ]            node_2524 (  32K) [CUDA0         ]
node #2527 (   MUL_MAT):            node_2527 (  16K) [CUDA0         ] use=1,c=1: blk.35.attn_output.w (   4M) [CUDA0         ]           (reshaped) (  32K) [CUDA0         ]
node #2528 (       ADD):            node_2528 (  16K) [CUDA0         ] use=2,c=1:            node_2497 (  16K) [CUDA0         ]            node_2527 (  16K) [CUDA0         ]
node #2529 (  RMS_NORM):            node_2529 (  16K) [CUDA0         ] use=1,c=1:            node_2528 (  16K) [CUDA0         ]
node #2530 (       MUL):            node_2530 (  16K) [CUDA0         ] use=5,c=1:            node_2529 (  16K) [CUDA0         ] blk.35.post_attentio (   8K) [CUDA0         ]
node #2532 (   MUL_MAT):            node_2532 (   2K) [CUDA0         ] use=1,c=1: blk.35.ffn_gate_inp. (   2M) [CUDA0         ]            node_2530 (  16K) [CUDA0         ]
node #2533 (  SOFT_MAX):            node_2533 (   2K) [CUDA0         ] use=2,c=1:            node_2532 (   2K) [CUDA0         ]
node #2534 (     TOP_K):            node_2534 (   0K) [CUDA0         ] use=4,c=1:            node_2533 (   2K) [CUDA0         ]
node #2535 (MUL_MAT_ID):            node_2535 (  32K) [CUDA0         ] use=1,c=1: blk.35.ffn_gate_exps ( 144M) [CUDA0         ]           (reshaped) (  16K) [CUDA0         ]            node_2534 (   0K) [CUDA0         ]
node #2536 (      SILU):            node_2536 (  32K) [CUDA0         ] use=1,c=1:            node_2535 (  32K) [CUDA0         ]
node #2537 (MUL_MAT_ID):            node_2537 (  32K) [CUDA0         ] use=1,c=1: blk.35.ffn_up_exps.w ( 144M) [CUDA0         ]           (reshaped) (  16K) [CUDA0         ]            node_2534 (   0K) [CUDA0         ]
node #2538 (       MUL):            node_2538 (  32K) [CUDA0         ] use=1,c=1:            node_2536 (  32K) [CUDA0         ]            node_2537 (  32K) [CUDA0         ]
node #2539 (MUL_MAT_ID):            node_2539 ( 128K) [CUDA0         ] use=1,c=1: blk.35.ffn_down_exps ( 210M) [CUDA0         ]            node_2538 (  32K) [CUDA0         ]            node_2534 (   0K) [CUDA0         ]
node #2541 (  GET_ROWS):            node_2541 (   0K) [CUDA0         ] use=1,c=1:           (reshaped) (   2K) [CUDA0         ]            node_2534 (   0K) [CUDA0         ]
node #2542 (       MUL):            node_2542 ( 128K) [CUDA0         ] use=1,c=1:            node_2539 ( 128K) [CUDA0         ]            node_2541 (   0K) [CUDA0         ]
node #2544 (      CONT):    (permuted) (cont) ( 128K) [CUDA0         ] use=1,c=1:           (permuted) ( 128K) [CUDA0         ]
node #2545 (  SUM_ROWS):            node_2545 (  16K) [CUDA0         ] use=1,c=1:    (permuted) (cont) ( 128K) [CUDA0         ]
node #2547 (   MUL_MAT):            node_2547 (   4K) [CUDA0         ] use=1,c=1: blk.35.ffn_gate_shex ( 576K) [CUDA0         ]            node_2530 (  16K) [CUDA0         ]
node #2548 (      SILU):            node_2548 (   4K) [CUDA0         ] use=1,c=1:            node_2547 (   4K) [CUDA0         ]
node #2549 (   MUL_MAT):            node_2549 (   4K) [CUDA0         ] use=1,c=1: blk.35.ffn_up_shexp. ( 576K) [CUDA0         ]            node_2530 (  16K) [CUDA0         ]
node #2550 (       MUL):            node_2550 (   4K) [CUDA0         ] use=1,c=1:            node_2548 (   4K) [CUDA0         ]            node_2549 (   4K) [CUDA0         ]
node #2551 (   MUL_MAT):            node_2551 (  16K) [CUDA0         ] use=1,c=1: blk.35.ffn_down_shex ( 840K) [CUDA0         ]            node_2550 (   4K) [CUDA0         ]
node #2552 (   MUL_MAT):            node_2552 (   0K) [CUDA0         ] use=1,c=1: blk.35.ffn_gate_inp_ (   8K) [CUDA0         ]            node_2530 (  16K) [CUDA0         ]
node #2553 (   SIGMOID):            node_2553 (   0K) [CUDA0         ] use=1,c=1:            node_2552 (   0K) [CUDA0         ]
node #2554 (       MUL):            node_2554 (  16K) [CUDA0         ] use=1,c=1:            node_2551 (  16K) [CUDA0         ]            node_2553 (   0K) [CUDA0         ]
node #2555 (       ADD):            node_2555 (  16K) [CUDA0         ] use=1,c=1:           (reshaped) (  16K) [CUDA0         ]            node_2554 (  16K) [CUDA0         ]
node #2556 (       ADD):            node_2556 (  16K) [CUDA0         ] use=2,c=1:            node_2528 (  16K) [CUDA0         ]            node_2555 (  16K) [CUDA0         ]
node #2558 (  RMS_NORM):            node_2558 (  16K) [CUDA0         ] use=1,c=1:            node_2556 (  16K) [CUDA0         ]
node #2559 (       MUL):            node_2559 (  16K) [CUDA0         ] use=4,c=1:            node_2558 (  16K) [CUDA0         ] blk.36.attn_norm.wei (   8K) [CUDA0         ]
node #2560 (   MUL_MAT):            node_2560 (  64K) [CUDA0         ] use=1,c=1: blk.36.attn_qkv.weig (  13M) [CUDA0         ]            node_2559 (  16K) [CUDA0         ]
node #2562 (      CONT):  (transposed) (cont) (  64K) [CUDA0         ] use=1,c=1:         (transposed) (  64K) [CUDA0         ]
node #2563 (    CONCAT):            node_2563 ( 160K) [CUDA0         ] use=1,c=1:  CUDA0# (reshaped)#0 (  96K) [ NULL         ]  (transposed) (cont) (  64K) [CUDA0         ]
node #2565 (  SSM_CONV):            node_2565 (  64K) [CUDA0         ] use=1,c=1:           (reshaped) ( 160K) [CUDA0         ] blk.36.ssm_conv1d.we ( 128K) [CUDA0         ]
node #2566 (      SILU):            node_2566 (  64K) [CUDA0         ] use=1,c=1:            node_2565 (  64K) [CUDA0         ]
node #2569 (      CONT):  (reshaped) (view) ( (  16K) [CUDA0         ] use=1,c=1:    (reshaped) (view) (  40K) [CUDA0         ]
node #2571 (   L2_NORM):            node_2571 (  16K) [CUDA0         ] use=1,c=1:  (reshaped) (view) ( (  16K) [CUDA0         ]
node #2572 (    REPEAT):            node_2572 (  32K) [CUDA0         ] use=1,c=1:            node_2571 (  16K) [CUDA0         ]
node #2573 (     SCALE):            node_2573 (  32K) [CUDA0         ] use=1,c=1:            node_2572 (  32K) [CUDA0         ]
node #2575 (      CONT):  (reshaped) (view) ( (  16K) [CUDA0         ] use=1,c=1:    (reshaped) (view) (  40K) [CUDA0         ]
node #2577 (   L2_NORM):            node_2577 (  16K) [CUDA0         ] use=1,c=1:  (reshaped) (view) ( (  16K) [CUDA0         ]
node #2578 (    REPEAT):            node_2578 (  32K) [CUDA0         ] use=1,c=1:            node_2577 (  16K) [CUDA0         ]
node #2580 (      CONT):  (reshaped) (view) ( (  32K) [CUDA0         ] use=1,c=1:    (reshaped) (view) (  48K) [CUDA0         ]
node #2582 (   MUL_MAT):            node_2582 (   0K) [CUDA0         ] use=1,c=1: blk.36.ssm_alpha.wei (  36K) [CUDA0         ]            node_2559 (  16K) [CUDA0         ]
node #2583 (       ADD):            node_2583 (   0K) [CUDA0         ] use=1,c=1:            node_2582 (   0K) [CUDA0         ]   blk.36.ssm_dt.bias (   0K) [CUDA0         ]
node #2584 (  SOFTPLUS):            node_2584 (   0K) [CUDA0         ] use=1,c=1:            node_2583 (   0K) [CUDA0         ]
node #2585 (       MUL):            node_2585 (   0K) [CUDA0         ] use=1,c=1:            node_2584 (   0K) [CUDA0         ]         blk.36.ssm_a (   0K) [CUDA0         ]
node #2587 (   MUL_MAT):            node_2587 (   0K) [CUDA0         ] use=1,c=1: blk.36.ssm_beta.weig (  36K) [CUDA0         ]            node_2559 (  16K) [CUDA0         ]
node #2588 (   SIGMOID):            node_2588 (   0K) [CUDA0         ] use=1,c=1:            node_2587 (   0K) [CUDA0         ]
node #2591 (GATED_DELT):            node_2591 (   2M) [CUDA0         ] use=2,c=1:            node_2573 (  32K) [CUDA0         ]            node_2578 (  32K) [CUDA0         ]  (reshaped) (view) ( (  32K) [CUDA0         ]           (reshaped) (   0K) [CUDA0         ]           (reshaped) (   0K) [CUDA0         ]  CUDA0# (reshaped)#0 (   2M) [ NULL         ]
node #2593 (      CONT):        (view) (cont) (  32K) [CUDA0         ] use=1,c=1:               (view) (  32K) [CUDA0         ]
node #2595 (  RMS_NORM):            node_2595 (  32K) [CUDA0         ] use=1,c=1:  (view) (cont) (resh (  32K) [CUDA0         ]
node #2596 (       MUL):            node_2596 (  32K) [CUDA0         ] use=1,c=1:            node_2595 (  32K) [CUDA0         ] blk.36.ssm_norm.weig (   0K) [CUDA0         ]
node #2597 (   MUL_MAT):            node_2597 (  32K) [CUDA0         ] use=1,c=1: blk.36.attn_gate.wei (   4M) [CUDA0         ]            node_2559 (  16K) [CUDA0         ]
node #2599 (      SILU):            node_2599 (  32K) [CUDA0         ] use=1,c=1:           (reshaped) (  32K) [CUDA0         ]
node #2600 (       MUL):            node_2600 (  32K) [CUDA0         ] use=1,c=1:            node_2596 (  32K) [CUDA0         ]            node_2599 (  32K) [CUDA0         ]
node #2602 (   MUL_MAT):            node_2602 (  16K) [CUDA0         ] use=1,c=1: blk.36.ssm_out.weigh (   4M) [CUDA0         ]           (reshaped) (  32K) [CUDA0         ]
node #2603 (       ADD):            node_2603 (  16K) [CUDA0         ] use=2,c=1:            node_2556 (  16K) [CUDA0         ]            node_2602 (  16K) [CUDA0         ]
node #2604 (  RMS_NORM):            node_2604 (  16K) [CUDA0         ] use=1,c=1:            node_2603 (  16K) [CUDA0         ]
node #2605 (       MUL):            node_2605 (  16K) [CUDA0         ] use=5,c=1:            node_2604 (  16K) [CUDA0         ] blk.36.post_attentio (   8K) [CUDA0         ]
node #2607 (   MUL_MAT):            node_2607 (   2K) [CUDA0         ] use=1,c=1: blk.36.ffn_gate_inp. (   2M) [CUDA0         ]            node_2605 (  16K) [CUDA0         ]
node #2608 (  SOFT_MAX):            node_2608 (   2K) [CUDA0         ] use=2,c=1:            node_2607 (   2K) [CUDA0         ]
node #2609 (     TOP_K):            node_2609 (   0K) [CUDA0         ] use=4,c=1:            node_2608 (   2K) [CUDA0         ]
node #2610 (MUL_MAT_ID):            node_2610 (  32K) [CUDA0         ] use=1,c=1: blk.36.ffn_gate_exps ( 144M) [CUDA0         ]           (reshaped) (  16K) [CUDA0         ]            node_2609 (   0K) [CUDA0         ]
node #2611 (      SILU):            node_2611 (  32K) [CUDA0         ] use=1,c=1:            node_2610 (  32K) [CUDA0         ]
node #2612 (MUL_MAT_ID):            node_2612 (  32K) [CUDA0         ] use=1,c=1: blk.36.ffn_up_exps.w ( 144M) [CUDA0         ]           (reshaped) (  16K) [CUDA0         ]            node_2609 (   0K) [CUDA0         ]
node #2613 (       MUL):            node_2613 (  32K) [CUDA0         ] use=1,c=1:            node_2611 (  32K) [CUDA0         ]            node_2612 (  32K) [CUDA0         ]
node #2614 (MUL_MAT_ID):            node_2614 ( 128K) [CUDA0         ] use=1,c=1: blk.36.ffn_down_exps ( 210M) [CUDA0         ]            node_2613 (  32K) [CUDA0         ]            node_2609 (   0K) [CUDA0         ]
node #2616 (  GET_ROWS):            node_2616 (   0K) [CUDA0         ] use=1,c=1:           (reshaped) (   2K) [CUDA0         ]            node_2609 (   0K) [CUDA0         ]
node #2617 (       MUL):            node_2617 ( 128K) [CUDA0         ] use=1,c=1:            node_2614 ( 128K) [CUDA0         ]            node_2616 (   0K) [CUDA0         ]
node #2619 (      CONT):    (permuted) (cont) ( 128K) [CUDA0         ] use=1,c=1:           (permuted) ( 128K) [CUDA0         ]
node #2620 (  SUM_ROWS):            node_2620 (  16K) [CUDA0         ] use=1,c=1:    (permuted) (cont) ( 128K) [CUDA0         ]
node #2622 (   MUL_MAT):            node_2622 (   4K) [CUDA0         ] use=1,c=1: blk.36.ffn_gate_shex ( 576K) [CUDA0         ]            node_2605 (  16K) [CUDA0         ]
node #2623 (      SILU):            node_2623 (   4K) [CUDA0         ] use=1,c=1:            node_2622 (   4K) [CUDA0         ]
node #2624 (   MUL_MAT):            node_2624 (   4K) [CUDA0         ] use=1,c=1: blk.36.ffn_up_shexp. ( 576K) [CUDA0         ]            node_2605 (  16K) [CUDA0         ]
node #2625 (       MUL):            node_2625 (   4K) [CUDA0         ] use=1,c=1:            node_2623 (   4K) [CUDA0         ]            node_2624 (   4K) [CUDA0         ]
node #2626 (   MUL_MAT):            node_2626 (  16K) [CUDA0         ] use=1,c=1: blk.36.ffn_down_shex ( 840K) [CUDA0         ]            node_2625 (   4K) [CUDA0         ]
node #2627 (   MUL_MAT):            node_2627 (   0K) [CUDA0         ] use=1,c=1: blk.36.ffn_gate_inp_ (   8K) [CUDA0         ]            node_2605 (  16K) [CUDA0         ]
node #2628 (   SIGMOID):            node_2628 (   0K) [CUDA0         ] use=1,c=1:            node_2627 (   0K) [CUDA0         ]
node #2629 (       MUL):            node_2629 (  16K) [CUDA0         ] use=1,c=1:            node_2626 (  16K) [CUDA0         ]            node_2628 (   0K) [CUDA0         ]
node #2630 (       ADD):            node_2630 (  16K) [CUDA0         ] use=1,c=1:           (reshaped) (  16K) [CUDA0         ]            node_2629 (  16K) [CUDA0         ]
node #2631 (       ADD):            node_2631 (  16K) [CUDA0         ] use=2,c=1:            node_2603 (  16K) [CUDA0         ]            node_2630 (  16K) [CUDA0         ]
node #2633 (  RMS_NORM):            node_2633 (  16K) [CUDA0         ] use=1,c=1:            node_2631 (  16K) [CUDA0         ]
node #2634 (       MUL):            node_2634 (  16K) [CUDA0         ] use=4,c=1:            node_2633 (  16K) [CUDA0         ] blk.37.attn_norm.wei (   8K) [CUDA0         ]
node #2635 (   MUL_MAT):            node_2635 (  64K) [CUDA0         ] use=1,c=1: blk.37.attn_qkv.weig (  13M) [CUDA0         ]            node_2634 (  16K) [CUDA0         ]
node #2637 (      CONT):  (transposed) (cont) (  64K) [CUDA0         ] use=1,c=1:         (transposed) (  64K) [CUDA0         ]
node #2638 (    CONCAT):            node_2638 ( 160K) [CUDA0         ] use=1,c=1:  CUDA0# (reshaped)#0 (  96K) [ NULL         ]  (transposed) (cont) (  64K) [CUDA0         ]
node #2640 (  SSM_CONV):            node_2640 (  64K) [CUDA0         ] use=1,c=1:           (reshaped) ( 160K) [CUDA0         ] blk.37.ssm_conv1d.we ( 128K) [CUDA0         ]
node #2641 (      SILU):            node_2641 (  64K) [CUDA0         ] use=1,c=1:            node_2640 (  64K) [CUDA0         ]
node #2644 (      CONT):  (reshaped) (view) ( (  16K) [CUDA0         ] use=1,c=1:    (reshaped) (view) (  40K) [CUDA0         ]
node #2646 (   L2_NORM):            node_2646 (  16K) [CUDA0         ] use=1,c=1:  (reshaped) (view) ( (  16K) [CUDA0         ]
node #2647 (    REPEAT):            node_2647 (  32K) [CUDA0         ] use=1,c=1:            node_2646 (  16K) [CUDA0         ]
node #2648 (     SCALE):            node_2648 (  32K) [CUDA0         ] use=1,c=1:            node_2647 (  32K) [CUDA0         ]
node #2650 (      CONT):  (reshaped) (view) ( (  16K) [CUDA0         ] use=1,c=1:    (reshaped) (view) (  40K) [CUDA0         ]
node #2652 (   L2_NORM):            node_2652 (  16K) [CUDA0         ] use=1,c=1:  (reshaped) (view) ( (  16K) [CUDA0         ]
node #2653 (    REPEAT):            node_2653 (  32K) [CUDA0         ] use=1,c=1:            node_2652 (  16K) [CUDA0         ]
node #2655 (      CONT):  (reshaped) (view) ( (  32K) [CUDA0         ] use=1,c=1:    (reshaped) (view) (  48K) [CUDA0         ]
node #2657 (   MUL_MAT):            node_2657 (   0K) [CUDA0         ] use=1,c=1: blk.37.ssm_alpha.wei (  36K) [CUDA0         ]            node_2634 (  16K) [CUDA0         ]
node #2658 (       ADD):            node_2658 (   0K) [CUDA0         ] use=1,c=1:            node_2657 (   0K) [CUDA0         ]   blk.37.ssm_dt.bias (   0K) [CUDA0         ]
node #2659 (  SOFTPLUS):            node_2659 (   0K) [CUDA0         ] use=1,c=1:            node_2658 (   0K) [CUDA0         ]
node #2660 (       MUL):            node_2660 (   0K) [CUDA0         ] use=1,c=1:            node_2659 (   0K) [CUDA0         ]         blk.37.ssm_a (   0K) [CUDA0         ]
node #2662 (   MUL_MAT):            node_2662 (   0K) [CUDA0         ] use=1,c=1: blk.37.ssm_beta.weig (  36K) [CUDA0         ]            node_2634 (  16K) [CUDA0         ]
node #2663 (   SIGMOID):            node_2663 (   0K) [CUDA0         ] use=1,c=1:            node_2662 (   0K) [CUDA0         ]
node #2666 (GATED_DELT):            node_2666 (   2M) [CUDA0         ] use=2,c=1:            node_2648 (  32K) [CUDA0         ]            node_2653 (  32K) [CUDA0         ]  (reshaped) (view) ( (  32K) [CUDA0         ]           (reshaped) (   0K) [CUDA0         ]           (reshaped) (   0K) [CUDA0         ]  CUDA0# (reshaped)#0 (   2M) [ NULL         ]
node #2668 (      CONT):        (view) (cont) (  32K) [CUDA0         ] use=1,c=1:               (view) (  32K) [CUDA0         ]
node #2670 (  RMS_NORM):            node_2670 (  32K) [CUDA0         ] use=1,c=1:  (view) (cont) (resh (  32K) [CUDA0         ]
node #2671 (       MUL):            node_2671 (  32K) [CUDA0         ] use=1,c=1:            node_2670 (  32K) [CUDA0         ] blk.37.ssm_norm.weig (   0K) [CUDA0         ]
node #2672 (   MUL_MAT):            node_2672 (  32K) [CUDA0         ] use=1,c=1: blk.37.attn_gate.wei (   4M) [CUDA0         ]            node_2634 (  16K) [CUDA0         ]
node #2674 (      SILU):            node_2674 (  32K) [CUDA0         ] use=1,c=1:           (reshaped) (  32K) [CUDA0         ]
node #2675 (       MUL):            node_2675 (  32K) [CUDA0         ] use=1,c=1:            node_2671 (  32K) [CUDA0         ]            node_2674 (  32K) [CUDA0         ]
node #2677 (   MUL_MAT):            node_2677 (  16K) [CUDA0         ] use=1,c=1: blk.37.ssm_out.weigh (   4M) [CUDA0         ]           (reshaped) (  32K) [CUDA0         ]
node #2678 (       ADD):            node_2678 (  16K) [CUDA0         ] use=2,c=1:            node_2631 (  16K) [CUDA0         ]            node_2677 (  16K) [CUDA0         ]
node #2679 (  RMS_NORM):            node_2679 (  16K) [CUDA0         ] use=1,c=1:            node_2678 (  16K) [CUDA0         ]
node #2680 (       MUL):            node_2680 (  16K) [CUDA0         ] use=5,c=1:            node_2679 (  16K) [CUDA0         ] blk.37.post_attentio (   8K) [CUDA0         ]
node #2682 (   MUL_MAT):            node_2682 (   2K) [CUDA0         ] use=1,c=1: blk.37.ffn_gate_inp. (   2M) [CUDA0         ]            node_2680 (  16K) [CUDA0         ]
node #2683 (  SOFT_MAX):            node_2683 (   2K) [CUDA0         ] use=2,c=1:            node_2682 (   2K) [CUDA0         ]
node #2684 (     TOP_K):            node_2684 (   0K) [CUDA0         ] use=4,c=1:            node_2683 (   2K) [CUDA0         ]
node #2685 (MUL_MAT_ID):            node_2685 (  32K) [CUDA0         ] use=1,c=1: blk.37.ffn_gate_exps ( 144M) [CUDA0         ]           (reshaped) (  16K) [CUDA0         ]            node_2684 (   0K) [CUDA0         ]
node #2686 (      SILU):            node_2686 (  32K) [CUDA0         ] use=1,c=1:            node_2685 (  32K) [CUDA0         ]
node #2687 (MUL_MAT_ID):            node_2687 (  32K) [CUDA0         ] use=1,c=1: blk.37.ffn_up_exps.w ( 144M) [CUDA0         ]           (reshaped) (  16K) [CUDA0         ]            node_2684 (   0K) [CUDA0         ]
node #2688 (       MUL):            node_2688 (  32K) [CUDA0         ] use=1,c=1:            node_2686 (  32K) [CUDA0         ]            node_2687 (  32K) [CUDA0         ]
node #2689 (MUL_MAT_ID):            node_2689 ( 128K) [CUDA0         ] use=1,c=1: blk.37.ffn_down_exps ( 210M) [CUDA0         ]            node_2688 (  32K) [CUDA0         ]            node_2684 (   0K) [CUDA0         ]
node #2691 (  GET_ROWS):            node_2691 (   0K) [CUDA0         ] use=1,c=1:           (reshaped) (   2K) [CUDA0         ]            node_2684 (   0K) [CUDA0         ]
node #2692 (       MUL):            node_2692 ( 128K) [CUDA0         ] use=1,c=1:            node_2689 ( 128K) [CUDA0         ]            node_2691 (   0K) [CUDA0         ]
node #2694 (      CONT):    (permuted) (cont) ( 128K) [CUDA0         ] use=1,c=1:           (permuted) ( 128K) [CUDA0         ]
node #2695 (  SUM_ROWS):            node_2695 (  16K) [CUDA0         ] use=1,c=1:    (permuted) (cont) ( 128K) [CUDA0         ]
node #2697 (   MUL_MAT):            node_2697 (   4K) [CUDA0         ] use=1,c=1: blk.37.ffn_gate_shex ( 576K) [CUDA0         ]            node_2680 (  16K) [CUDA0         ]
node #2698 (      SILU):            node_2698 (   4K) [CUDA0         ] use=1,c=1:            node_2697 (   4K) [CUDA0         ]
node #2699 (   MUL_MAT):            node_2699 (   4K) [CUDA0         ] use=1,c=1: blk.37.ffn_up_shexp. ( 576K) [CUDA0         ]            node_2680 (  16K) [CUDA0         ]
node #2700 (       MUL):            node_2700 (   4K) [CUDA0         ] use=1,c=1:            node_2698 (   4K) [CUDA0         ]            node_2699 (   4K) [CUDA0         ]
node #2701 (   MUL_MAT):            node_2701 (  16K) [CUDA0         ] use=1,c=1: blk.37.ffn_down_shex ( 840K) [CUDA0         ]            node_2700 (   4K) [CUDA0         ]
node #2702 (   MUL_MAT):            node_2702 (   0K) [CUDA0         ] use=1,c=1: blk.37.ffn_gate_inp_ (   8K) [CUDA0         ]            node_2680 (  16K) [CUDA0         ]
node #2703 (   SIGMOID):            node_2703 (   0K) [CUDA0         ] use=1,c=1:            node_2702 (   0K) [CUDA0         ]
node #2704 (       MUL):            node_2704 (  16K) [CUDA0         ] use=1,c=1:            node_2701 (  16K) [CUDA0         ]            node_2703 (   0K) [CUDA0         ]
node #2705 (       ADD):            node_2705 (  16K) [CUDA0         ] use=1,c=1:           (reshaped) (  16K) [CUDA0         ]            node_2704 (  16K) [CUDA0         ]
node #2706 (       ADD):            node_2706 (  16K) [CUDA0         ] use=2,c=1:            node_2678 (  16K) [CUDA0         ]            node_2705 (  16K) [CUDA0         ]
node #2708 (  RMS_NORM):            node_2708 (  16K) [CUDA0         ] use=1,c=1:            node_2706 (  16K) [CUDA0         ]
node #2709 (       MUL):            node_2709 (  16K) [CUDA0         ] use=4,c=1:            node_2708 (  16K) [CUDA0         ] blk.38.attn_norm.wei (   8K) [CUDA0         ]
node #2710 (   MUL_MAT):            node_2710 (  64K) [CUDA0         ] use=1,c=1: blk.38.attn_qkv.weig (  13M) [CUDA0         ]            node_2709 (  16K) [CUDA0         ]
node #2712 (      CONT):  (transposed) (cont) (  64K) [CUDA0         ] use=1,c=1:         (transposed) (  64K) [CUDA0         ]
node #2713 (    CONCAT):            node_2713 ( 160K) [CUDA0         ] use=1,c=1:  CUDA0# (reshaped)#0 (  96K) [ NULL         ]  (transposed) (cont) (  64K) [CUDA0         ]
node #2715 (  SSM_CONV):            node_2715 (  64K) [CUDA0         ] use=1,c=1:           (reshaped) ( 160K) [CUDA0         ] blk.38.ssm_conv1d.we ( 128K) [CUDA0         ]
node #2716 (      SILU):            node_2716 (  64K) [CUDA0         ] use=1,c=1:            node_2715 (  64K) [CUDA0         ]
node #2719 (      CONT):  (reshaped) (view) ( (  16K) [CUDA0         ] use=1,c=1:    (reshaped) (view) (  40K) [CUDA0         ]
node #2721 (   L2_NORM):            node_2721 (  16K) [CUDA0         ] use=1,c=1:  (reshaped) (view) ( (  16K) [CUDA0         ]
node #2722 (    REPEAT):            node_2722 (  32K) [CUDA0         ] use=1,c=1:            node_2721 (  16K) [CUDA0         ]
node #2723 (     SCALE):            node_2723 (  32K) [CUDA0         ] use=1,c=1:            node_2722 (  32K) [CUDA0         ]
node #2725 (      CONT):  (reshaped) (view) ( (  16K) [CUDA0         ] use=1,c=1:    (reshaped) (view) (  40K) [CUDA0         ]
node #2727 (   L2_NORM):            node_2727 (  16K) [CUDA0         ] use=1,c=1:  (reshaped) (view) ( (  16K) [CUDA0         ]
node #2728 (    REPEAT):            node_2728 (  32K) [CUDA0         ] use=1,c=1:            node_2727 (  16K) [CUDA0         ]
node #2730 (      CONT):  (reshaped) (view) ( (  32K) [CUDA0         ] use=1,c=1:    (reshaped) (view) (  48K) [CUDA0         ]
node #2732 (   MUL_MAT):            node_2732 (   0K) [CUDA0         ] use=1,c=1: blk.38.ssm_alpha.wei (  36K) [CUDA0         ]            node_2709 (  16K) [CUDA0         ]
node #2733 (       ADD):            node_2733 (   0K) [CUDA0         ] use=1,c=1:            node_2732 (   0K) [CUDA0         ]   blk.38.ssm_dt.bias (   0K) [CUDA0         ]
node #2734 (  SOFTPLUS):            node_2734 (   0K) [CUDA0         ] use=1,c=1:            node_2733 (   0K) [CUDA0         ]
node #2735 (       MUL):            node_2735 (   0K) [CUDA0         ] use=1,c=1:            node_2734 (   0K) [CUDA0         ]         blk.38.ssm_a (   0K) [CUDA0         ]
node #2737 (   MUL_MAT):            node_2737 (   0K) [CUDA0         ] use=1,c=1: blk.38.ssm_beta.weig (  36K) [CUDA0         ]            node_2709 (  16K) [CUDA0         ]
node #2738 (   SIGMOID):            node_2738 (   0K) [CUDA0         ] use=1,c=1:            node_2737 (   0K) [CUDA0         ]
node #2741 (GATED_DELT):            node_2741 (   2M) [CUDA0         ] use=2,c=1:            node_2723 (  32K) [CUDA0         ]            node_2728 (  32K) [CUDA0         ]  (reshaped) (view) ( (  32K) [CUDA0         ]           (reshaped) (   0K) [CUDA0         ]           (reshaped) (   0K) [CUDA0         ]  CUDA0# (reshaped)#0 (   2M) [ NULL         ]
node #2743 (      CONT):        (view) (cont) (  32K) [CUDA0         ] use=1,c=1:               (view) (  32K) [CUDA0         ]
node #2745 (  RMS_NORM):            node_2745 (  32K) [CUDA0         ] use=1,c=1:  (view) (cont) (resh (  32K) [CUDA0         ]
node #2746 (       MUL):            node_2746 (  32K) [CUDA0         ] use=1,c=1:            node_2745 (  32K) [CUDA0         ] blk.38.ssm_norm.weig (   0K) [CUDA0         ]
node #2747 (   MUL_MAT):            node_2747 (  32K) [CUDA0         ] use=1,c=1: blk.38.attn_gate.wei (   4M) [CUDA0         ]            node_2709 (  16K) [CUDA0         ]
node #2749 (      SILU):            node_2749 (  32K) [CUDA0         ] use=1,c=1:           (reshaped) (  32K) [CUDA0         ]
node #2750 (       MUL):            node_2750 (  32K) [CUDA0         ] use=1,c=1:            node_2746 (  32K) [CUDA0         ]            node_2749 (  32K) [CUDA0         ]
node #2752 (   MUL_MAT):            node_2752 (  16K) [CUDA0         ] use=1,c=1: blk.38.ssm_out.weigh (   4M) [CUDA0         ]           (reshaped) (  32K) [CUDA0         ]
node #2753 (       ADD):            node_2753 (  16K) [CUDA0         ] use=2,c=1:            node_2706 (  16K) [CUDA0         ]            node_2752 (  16K) [CUDA0         ]
node #2754 (  RMS_NORM):            node_2754 (  16K) [CUDA0         ] use=1,c=1:            node_2753 (  16K) [CUDA0         ]
node #2755 (       MUL):            node_2755 (  16K) [CUDA0         ] use=5,c=1:            node_2754 (  16K) [CUDA0         ] blk.38.post_attentio (   8K) [CUDA0         ]
node #2757 (   MUL_MAT):            node_2757 (   2K) [CUDA0         ] use=1,c=1: blk.38.ffn_gate_inp. (   2M) [CUDA0         ]            node_2755 (  16K) [CUDA0         ]
node #2758 (  SOFT_MAX):            node_2758 (   2K) [CUDA0         ] use=2,c=1:            node_2757 (   2K) [CUDA0         ]
node #2759 (     TOP_K):            node_2759 (   0K) [CUDA0         ] use=4,c=1:            node_2758 (   2K) [CUDA0         ]
node #2760 (MUL_MAT_ID):            node_2760 (  32K) [CUDA0         ] use=1,c=1: blk.38.ffn_gate_exps ( 144M) [CUDA0         ]           (reshaped) (  16K) [CUDA0         ]            node_2759 (   0K) [CUDA0         ]
node #2761 (      SILU):            node_2761 (  32K) [CUDA0         ] use=1,c=1:            node_2760 (  32K) [CUDA0         ]
node #2762 (MUL_MAT_ID):            node_2762 (  32K) [CUDA0         ] use=1,c=1: blk.38.ffn_up_exps.w ( 144M) [CUDA0         ]           (reshaped) (  16K) [CUDA0         ]            node_2759 (   0K) [CUDA0         ]
node #2763 (       MUL):            node_2763 (  32K) [CUDA0         ] use=1,c=1:            node_2761 (  32K) [CUDA0         ]            node_2762 (  32K) [CUDA0         ]
node #2764 (MUL_MAT_ID):            node_2764 ( 128K) [CUDA0         ] use=1,c=1: blk.38.ffn_down_exps ( 210M) [CUDA0         ]            node_2763 (  32K) [CUDA0         ]            node_2759 (   0K) [CUDA0         ]
node #2766 (  GET_ROWS):            node_2766 (   0K) [CUDA0         ] use=1,c=1:           (reshaped) (   2K) [CUDA0         ]            node_2759 (   0K) [CUDA0         ]
node #2767 (       MUL):            node_2767 ( 128K) [CUDA0         ] use=1,c=1:            node_2764 ( 128K) [CUDA0         ]            node_2766 (   0K) [CUDA0         ]
node #2769 (      CONT):    (permuted) (cont) ( 128K) [CUDA0         ] use=1,c=1:           (permuted) ( 128K) [CUDA0         ]
node #2770 (  SUM_ROWS):            node_2770 (  16K) [CUDA0         ] use=1,c=1:    (permuted) (cont) ( 128K) [CUDA0         ]
node #2772 (   MUL_MAT):            node_2772 (   4K) [CUDA0         ] use=1,c=1: blk.38.ffn_gate_shex ( 576K) [CUDA0         ]            node_2755 (  16K) [CUDA0         ]
node #2773 (      SILU):            node_2773 (   4K) [CUDA0         ] use=1,c=1:            node_2772 (   4K) [CUDA0         ]
node #2774 (   MUL_MAT):            node_2774 (   4K) [CUDA0         ] use=1,c=1: blk.38.ffn_up_shexp. ( 576K) [CUDA0         ]            node_2755 (  16K) [CUDA0         ]
node #2775 (       MUL):            node_2775 (   4K) [CUDA0         ] use=1,c=1:            node_2773 (   4K) [CUDA0         ]            node_2774 (   4K) [CUDA0         ]
node #2776 (   MUL_MAT):            node_2776 (  16K) [CUDA0         ] use=1,c=1: blk.38.ffn_down_shex ( 840K) [CUDA0         ]            node_2775 (   4K) [CUDA0         ]
node #2777 (   MUL_MAT):            node_2777 (   0K) [CUDA0         ] use=1,c=1: blk.38.ffn_gate_inp_ (   8K) [CUDA0         ]            node_2755 (  16K) [CUDA0         ]
node #2778 (   SIGMOID):            node_2778 (   0K) [CUDA0         ] use=1,c=1:            node_2777 (   0K) [CUDA0         ]
node #2779 (       MUL):            node_2779 (  16K) [CUDA0         ] use=1,c=1:            node_2776 (  16K) [CUDA0         ]            node_2778 (   0K) [CUDA0         ]
node #2780 (       ADD):            node_2780 (  16K) [CUDA0         ] use=1,c=1:           (reshaped) (  16K) [CUDA0         ]            node_2779 (  16K) [CUDA0         ]
node #2781 (       ADD):            node_2781 (  16K) [CUDA0         ] use=2,c=1:            node_2753 (  16K) [CUDA0         ]            node_2780 (  16K) [CUDA0         ]
node #2782 (  RMS_NORM):            node_2782 (  16K) [CUDA0         ] use=1,c=1:            node_2781 (  16K) [CUDA0         ]
node #2783 (       MUL):            node_2783 (  16K) [CUDA0         ] use=3,c=1:            node_2782 (  16K) [CUDA0         ] blk.39.attn_norm.wei (   8K) [CUDA0         ]
node #2784 (   MUL_MAT):            node_2784 (  64K) [CUDA0         ] use=1,c=1: blk.39.attn_q.weight (   9M) [CUDA0         ]            node_2783 (  16K) [CUDA0         ]
node #2787 (      CONT):  (reshaped) (view) ( (  32K) [CUDA0         ] use=1,c=1:    (reshaped) (view) (  63K) [CUDA0         ]
node #2788 (  RMS_NORM):            node_2788 (  32K) [CUDA0         ] use=1,c=1:  (reshaped) (view) ( (  32K) [CUDA0         ]
node #2789 (       MUL):            node_2789 (  32K) [CUDA0         ] use=1,c=1:            node_2788 (  32K) [CUDA0         ] blk.39.attn_q_norm.w (   1K) [CUDA0         ]

## SPLIT #56: CPU # 1 inputs: [node_2789 (  32K)] 
node #2790 (      ROPE):            node_2790 (  32K) [  CPU         ] use=1,c=1:      CPU#node_2789#0 (  32K) [ NULL         ]              leaf_70 (   0K) [  CPU         ]              leaf_71 (   0K) [  CPU         ]

## SPLIT #57: CUDA0 # 0 inputs
node #2792 (   MUL_MAT):            node_2792 (   4K) [CUDA0         ] use=1,c=1: blk.39.attn_k.weight ( 576K) [CUDA0         ]            node_2783 (  16K) [CUDA0         ]
node #2794 (  RMS_NORM):            node_2794 (   4K) [CUDA0         ] use=1,c=1:           (reshaped) (   4K) [CUDA0         ]
node #2795 (       MUL):            node_2795 (   4K) [CUDA0         ] use=1,c=1:            node_2794 (   4K) [CUDA0         ] blk.39.attn_k_norm.w (   1K) [CUDA0         ]

## SPLIT #58: CPU # 1 inputs: [node_2795 (   4K)] 
node #2796 (      ROPE):            node_2796 (   4K) [  CPU         ] use=1,c=1:      CPU#node_2795#0 (   4K) [ NULL         ]              leaf_70 (   0K) [  CPU         ]              leaf_71 (   0K) [  CPU         ]
node #2798 (       CPY):    (permuted) (copy) (   2K) [  CPU         ] use=2,c=1:           (permuted) (   4K) [  CPU         ]    (permuted) (copy) (   2K) [  CPU         ]

## SPLIT #59: CUDA0 # 0 inputs
node #2799 (   MUL_MAT):            node_2799 (   4K) [CUDA0         ] use=1,c=1: blk.39.attn_v.weight ( 840K) [CUDA0         ]            node_2783 (  16K) [CUDA0         ]
node #2801 (      CONT):    (reshaped) (cont) (   4K) [CUDA0         ] use=1,c=1:           (reshaped) (   4K) [CUDA0         ]
node #2803 (       CPY):  (reshaped) (cont) ( (   2K) [CUDA0         ] use=2,c=1:  (reshaped) (cont) ( (   4K) [CUDA0         ]  (reshaped) (cont) ( (   2K) [CUDA0         ]

## SPLIT #60: CPU # 1 inputs: [ (reshaped) (cont) (permuted) (copy) (   2K)] 
node #2804 (       CPY):               (copy) (   0K) [  CPU         ] use=2,c=1:              leaf_75 (   0K) [  CPU         ]               (copy) (   0K) [  CPU         ]
node #2805 (FLASH_ATTN):            node_2805 (  32K) [  CPU         ] use=1,c=1:           (permuted) (  32K) [  CPU         ]    (permuted) (copy) (   2K) [  CPU         ] CPU# (reshaped) (con (   2K) [ NULL         ]               (copy) (   0K) [  CPU         ]

## SPLIT #61: CUDA0 # 1 inputs: [node_2805 (  32K)] 
node #2807 (      CONT):  (reshaped) (view) ( (  32K) [CUDA0         ] use=1,c=1:    (reshaped) (view) (  63K) [CUDA0         ]
node #2808 (   SIGMOID):            node_2808 (  32K) [CUDA0         ] use=1,c=1:  (reshaped) (view) ( (  32K) [CUDA0         ]
node #2809 (       MUL):            node_2809 (  32K) [CUDA0         ] use=1,c=1:    CUDA0#node_2805#0 (  32K) [ NULL         ]            node_2808 (  32K) [CUDA0         ]
node #2811 (   MUL_MAT):            node_2811 (  16K) [CUDA0         ] use=1,c=1: blk.39.attn_output.w (   4M) [CUDA0         ]           (reshaped) (  32K) [CUDA0         ]
node #2812 (       ADD):            node_2812 (  16K) [CUDA0         ] use=2,c=1:            node_2781 (  16K) [CUDA0         ]            node_2811 (  16K) [CUDA0         ]
node #2813 (  RMS_NORM):            node_2813 (  16K) [CUDA0         ] use=1,c=1:            node_2812 (  16K) [CUDA0         ]
node #2814 (       MUL):            node_2814 (  16K) [CUDA0         ] use=5,c=1:            node_2813 (  16K) [CUDA0         ] blk.39.post_attentio (   8K) [CUDA0         ]
node #2816 (   MUL_MAT):            node_2816 (   2K) [CUDA0         ] use=1,c=1: blk.39.ffn_gate_inp. (   2M) [CUDA0         ]            node_2814 (  16K) [CUDA0         ]
node #2817 (  SOFT_MAX):            node_2817 (   2K) [CUDA0         ] use=2,c=1:            node_2816 (   2K) [CUDA0         ]
node #2818 (     TOP_K):            node_2818 (   0K) [CUDA0         ] use=4,c=1:            node_2817 (   2K) [CUDA0         ]
node #2819 (MUL_MAT_ID):            node_2819 (  32K) [CUDA0         ] use=1,c=1: blk.39.ffn_gate_exps ( 144M) [CUDA0         ]           (reshaped) (  16K) [CUDA0         ]            node_2818 (   0K) [CUDA0         ]
node #2820 (      SILU):            node_2820 (  32K) [CUDA0         ] use=1,c=1:            node_2819 (  32K) [CUDA0         ]
node #2821 (MUL_MAT_ID):            node_2821 (  32K) [CUDA0         ] use=1,c=1: blk.39.ffn_up_exps.w ( 144M) [CUDA0         ]           (reshaped) (  16K) [CUDA0         ]            node_2818 (   0K) [CUDA0         ]
node #2822 (       MUL):            node_2822 (  32K) [CUDA0         ] use=1,c=1:            node_2820 (  32K) [CUDA0         ]            node_2821 (  32K) [CUDA0         ]
node #2823 (MUL_MAT_ID):            node_2823 ( 128K) [CUDA0         ] use=1,c=1: blk.39.ffn_down_exps ( 210M) [CUDA0         ]            node_2822 (  32K) [CUDA0         ]            node_2818 (   0K) [CUDA0         ]
node #2825 (  GET_ROWS):            node_2825 (   0K) [CUDA0         ] use=1,c=1:           (reshaped) (   2K) [CUDA0         ]            node_2818 (   0K) [CUDA0         ]
node #2826 (       MUL):            node_2826 ( 128K) [CUDA0         ] use=1,c=1:            node_2823 ( 128K) [CUDA0         ]            node_2825 (   0K) [CUDA0         ]
node #2828 (      CONT):    (permuted) (cont) ( 128K) [CUDA0         ] use=1,c=1:           (permuted) ( 128K) [CUDA0         ]
node #2829 (  SUM_ROWS):            node_2829 (  16K) [CUDA0         ] use=1,c=1:    (permuted) (cont) ( 128K) [CUDA0         ]
node #2831 (   MUL_MAT):            node_2831 (   4K) [CUDA0         ] use=1,c=1: blk.39.ffn_gate_shex ( 576K) [CUDA0         ]            node_2814 (  16K) [CUDA0         ]
node #2832 (      SILU):            node_2832 (   4K) [CUDA0         ] use=1,c=1:            node_2831 (   4K) [CUDA0         ]
node #2833 (   MUL_MAT):            node_2833 (   4K) [CUDA0         ] use=1,c=1: blk.39.ffn_up_shexp. ( 576K) [CUDA0         ]            node_2814 (  16K) [CUDA0         ]
node #2834 (       MUL):            node_2834 (   4K) [CUDA0         ] use=1,c=1:            node_2832 (   4K) [CUDA0         ]            node_2833 (   4K) [CUDA0         ]
node #2835 (   MUL_MAT):            node_2835 (  16K) [CUDA0         ] use=1,c=1: blk.39.ffn_down_shex ( 840K) [CUDA0         ]            node_2834 (   4K) [CUDA0         ]
node #2836 (   MUL_MAT):            node_2836 (   0K) [CUDA0         ] use=1,c=1: blk.39.ffn_gate_inp_ (   8K) [CUDA0         ]            node_2814 (  16K) [CUDA0         ]
node #2837 (   SIGMOID):            node_2837 (   0K) [CUDA0         ] use=1,c=1:            node_2836 (   0K) [CUDA0         ]
node #2838 (       MUL):            node_2838 (  16K) [CUDA0         ] use=1,c=1:            node_2835 (  16K) [CUDA0         ]            node_2837 (   0K) [CUDA0         ]
node #2839 (       ADD):            node_2839 (  16K) [CUDA0         ] use=1,c=1:           (reshaped) (  16K) [CUDA0         ]            node_2838 (  16K) [CUDA0         ]
node #2840 (       ADD):            node_2840 (  16K) [CUDA0         ] use=1,c=1:            node_2812 (  16K) [CUDA0         ]            node_2839 (  16K) [CUDA0         ]
node #2841 (  RMS_NORM):            node_2841 (  16K) [CUDA0         ] use=1,c=1:            node_2840 (  16K) [CUDA0         ]
node #2842 (       MUL):            node_2842 (  16K) [CUDA0         ] use=1,c=1:            node_2841 (  16K) [CUDA0         ]   output_norm.weight (   8K) [CUDA0         ]
node #2843 (   MUL_MAT):            node_2843 (   1M) [CUDA0         ] use=0,c=1:        output.weight ( 397M) [CUDA0         ]            node_2842 (  16K) [CUDA0         ]
node #2845 (      CONT):  (reshaped) (view) ( (  96K) [CUDA0         ] use=0,c=1:    (reshaped) (view) ( 159K) [CUDA0         ]
node #2848 (      CONT):  (view) (reshaped) ( (   2M) [CUDA0         ] use=0,c=1:    (view) (reshaped) (   2M) [CUDA0         ]
node #2850 (      CONT):  (reshaped) (view) ( (  96K) [CUDA0         ] use=0,c=1:    (reshaped) (view) ( 159K) [CUDA0         ]
node #2853 (      CONT):  (view) (reshaped) ( (   2M) [CUDA0         ] use=0,c=1:    (view) (reshaped) (   2M) [CUDA0         ]
node #2855 (      CONT):  (reshaped) (view) ( (  96K) [CUDA0         ] use=0,c=1:    (reshaped) (view) ( 159K) [CUDA0         ]
node #2858 (      CONT):  (view) (reshaped) ( (   2M) [CUDA0         ] use=0,c=1:    (view) (reshaped) (   2M) [CUDA0         ]
node #2860 (      CONT):  (reshaped) (view) ( (  96K) [CUDA0         ] use=0,c=1:    (reshaped) (view) ( 159K) [CUDA0         ]
node #2863 (      CONT):  (view) (reshaped) ( (   2M) [CUDA0         ] use=0,c=1:    (view) (reshaped) (   2M) [CUDA0         ]
node #2865 (      CONT):  (reshaped) (view) ( (  96K) [CUDA0         ] use=0,c=1:    (reshaped) (view) ( 159K) [CUDA0         ]
node #2868 (      CONT):  (view) (reshaped) ( (   2M) [CUDA0         ] use=0,c=1:    (view) (reshaped) (   2M) [CUDA0         ]
node #2870 (      CONT):  (reshaped) (view) ( (  96K) [CUDA0         ] use=0,c=1:    (reshaped) (view) ( 159K) [CUDA0         ]
node #2873 (      CONT):  (view) (reshaped) ( (   2M) [CUDA0         ] use=0,c=1:    (view) (reshaped) (   2M) [CUDA0         ]
node #2875 (      CONT):  (reshaped) (view) ( (  96K) [CUDA0         ] use=0,c=1:    (reshaped) (view) ( 159K) [CUDA0         ]
node #2878 (      CONT):  (view) (reshaped) ( (   2M) [CUDA0         ] use=0,c=1:    (view) (reshaped) (   2M) [CUDA0         ]
node #2880 (      CONT):  (reshaped) (view) ( (  96K) [CUDA0         ] use=0,c=1:    (reshaped) (view) ( 159K) [CUDA0         ]
node #2883 (      CONT):  (view) (reshaped) ( (   2M) [CUDA0         ] use=0,c=1:    (view) (reshaped) (   2M) [CUDA0         ]
node #2885 (      CONT):  (reshaped) (view) ( (  96K) [CUDA0         ] use=0,c=1:    (reshaped) (view) ( 159K) [CUDA0         ]
node #2888 (      CONT):  (view) (reshaped) ( (   2M) [CUDA0         ] use=0,c=1:    (view) (reshaped) (   2M) [CUDA0         ]
node #2890 (      CONT):  (reshaped) (view) ( (  96K) [CUDA0         ] use=0,c=1:    (reshaped) (view) ( 159K) [CUDA0         ]
node #2893 (      CONT):  (view) (reshaped) ( (   2M) [CUDA0         ] use=0,c=1:    (view) (reshaped) (   2M) [CUDA0         ]
node #2895 (      CONT):  (reshaped) (view) ( (  96K) [CUDA0         ] use=0,c=1:    (reshaped) (view) ( 159K) [CUDA0         ]
node #2898 (      CONT):  (view) (reshaped) ( (   2M) [CUDA0         ] use=0,c=1:    (view) (reshaped) (   2M) [CUDA0         ]
node #2900 (      CONT):  (reshaped) (view) ( (  96K) [CUDA0         ] use=0,c=1:    (reshaped) (view) ( 159K) [CUDA0         ]
node #2903 (      CONT):  (view) (reshaped) ( (   2M) [CUDA0         ] use=0,c=1:    (view) (reshaped) (   2M) [CUDA0         ]
node #2905 (      CONT):  (reshaped) (view) ( (  96K) [CUDA0         ] use=0,c=1:    (reshaped) (view) ( 159K) [CUDA0         ]
node #2908 (      CONT):  (view) (reshaped) ( (   2M) [CUDA0         ] use=0,c=1:    (view) (reshaped) (   2M) [CUDA0         ]
node #2910 (      CONT):  (reshaped) (view) ( (  96K) [CUDA0         ] use=0,c=1:    (reshaped) (view) ( 159K) [CUDA0         ]
node #2913 (      CONT):  (view) (reshaped) ( (   2M) [CUDA0         ] use=0,c=1:    (view) (reshaped) (   2M) [CUDA0         ]
node #2915 (      CONT):  (reshaped) (view) ( (  96K) [CUDA0         ] use=0,c=1:    (reshaped) (view) ( 159K) [CUDA0         ]
node #2918 (      CONT):  (view) (reshaped) ( (   2M) [CUDA0         ] use=0,c=1:    (view) (reshaped) (   2M) [CUDA0         ]
node #2920 (      CONT):  (reshaped) (view) ( (  96K) [CUDA0         ] use=0,c=1:    (reshaped) (view) ( 159K) [CUDA0         ]
node #2923 (      CONT):  (view) (reshaped) ( (   2M) [CUDA0         ] use=0,c=1:    (view) (reshaped) (   2M) [CUDA0         ]
node #2925 (      CONT):  (reshaped) (view) ( (  96K) [CUDA0         ] use=0,c=1:    (reshaped) (view) ( 159K) [CUDA0         ]
node #2928 (      CONT):  (view) (reshaped) ( (   2M) [CUDA0         ] use=0,c=1:    (view) (reshaped) (   2M) [CUDA0         ]
node #2930 (      CONT):  (reshaped) (view) ( (  96K) [CUDA0         ] use=0,c=1:    (reshaped) (view) ( 159K) [CUDA0         ]
node #2933 (      CONT):  (view) (reshaped) ( (   2M) [CUDA0         ] use=0,c=1:    (view) (reshaped) (   2M) [CUDA0         ]
node #2935 (      CONT):  (reshaped) (view) ( (  96K) [CUDA0         ] use=0,c=1:    (reshaped) (view) ( 159K) [CUDA0         ]
node #2938 (      CONT):  (view) (reshaped) ( (   2M) [CUDA0         ] use=0,c=1:    (view) (reshaped) (   2M) [CUDA0         ]
node #2940 (      CONT):  (reshaped) (view) ( (  96K) [CUDA0         ] use=0,c=1:    (reshaped) (view) ( 159K) [CUDA0         ]
node #2943 (      CONT):  (view) (reshaped) ( (   2M) [CUDA0         ] use=0,c=1:    (view) (reshaped) (   2M) [CUDA0         ]
node #2945 (      CONT):  (reshaped) (view) ( (  96K) [CUDA0         ] use=0,c=1:    (reshaped) (view) ( 159K) [CUDA0         ]
node #2948 (      CONT):  (view) (reshaped) ( (   2M) [CUDA0         ] use=0,c=1:    (view) (reshaped) (   2M) [CUDA0         ]
node #2950 (      CONT):  (reshaped) (view) ( (  96K) [CUDA0         ] use=0,c=1:    (reshaped) (view) ( 159K) [CUDA0         ]
node #2953 (      CONT):  (view) (reshaped) ( (   2M) [CUDA0         ] use=0,c=1:    (view) (reshaped) (   2M) [CUDA0         ]
node #2955 (      CONT):  (reshaped) (view) ( (  96K) [CUDA0         ] use=0,c=1:    (reshaped) (view) ( 159K) [CUDA0         ]
node #2958 (      CONT):  (view) (reshaped) ( (   2M) [CUDA0         ] use=0,c=1:    (view) (reshaped) (   2M) [CUDA0         ]
node #2960 (      CONT):  (reshaped) (view) ( (  96K) [CUDA0         ] use=0,c=1:    (reshaped) (view) ( 159K) [CUDA0         ]
node #2963 (      CONT):  (view) (reshaped) ( (   2M) [CUDA0         ] use=0,c=1:    (view) (reshaped) (   2M) [CUDA0         ]
node #2965 (      CONT):  (reshaped) (view) ( (  96K) [CUDA0         ] use=0,c=1:    (reshaped) (view) ( 159K) [CUDA0         ]
node #2968 (      CONT):  (view) (reshaped) ( (   2M) [CUDA0         ] use=0,c=1:    (view) (reshaped) (   2M) [CUDA0         ]
node #2970 (      CONT):  (reshaped) (view) ( (  96K) [CUDA0         ] use=0,c=1:    (reshaped) (view) ( 159K) [CUDA0         ]
node #2973 (      CONT):  (view) (reshaped) ( (   2M) [CUDA0         ] use=0,c=1:    (view) (reshaped) (   2M) [CUDA0         ]
node #2975 (      CONT):  (reshaped) (view) ( (  96K) [CUDA0         ] use=0,c=1:    (reshaped) (view) ( 159K) [CUDA0         ]
node #2978 (      CONT):  (view) (reshaped) ( (   2M) [CUDA0         ] use=0,c=1:    (view) (reshaped) (   2M) [CUDA0         ]
node #2980 (      CONT):  (reshaped) (view) ( (  96K) [CUDA0         ] use=0,c=1:    (reshaped) (view) ( 159K) [CUDA0         ]
node #2983 (      CONT):  (view) (reshaped) ( (   2M) [CUDA0         ] use=0,c=1:    (view) (reshaped) (   2M) [CUDA0         ]
node #2985 (      CONT):  (reshaped) (view) ( (  96K) [CUDA0         ] use=0,c=1:    (reshaped) (view) ( 159K) [CUDA0         ]
node #2988 (      CONT):  (view) (reshaped) ( (   2M) [CUDA0         ] use=0,c=1:    (view) (reshaped) (   2M) [CUDA0         ]
node #2990 (      CONT):  (reshaped) (view) ( (  96K) [CUDA0         ] use=0,c=1:    (reshaped) (view) ( 159K) [CUDA0         ]
node #2993 (      CONT):  (view) (reshaped) ( (   2M) [CUDA0         ] use=0,c=1:    (view) (reshaped) (   2M) [CUDA0         ]
[sp-engine] forward_full: alloc OK, starting compute...
